marca_original,marca_corregida,marca_key,es_sin_marca
1_2_3,1_2_3,1_2_3,False
3 Minutos,3 Minutos,3 MINUTOS,False
3m. Nexcare,3m. Nexcare,3M. NEXCARE,False
5 Estrellas,5 Estrellas,5 ESTRELLAS,False
7 Semillas,7 Semillas,7 SEMILLAS,False
7 Up,7 Up,7 UP,False
Abbott,Abbott,ABBOTT,False
Abuelita,Abuelita,ABUELITA,False
Accu-chek,Accu-chek,ACCU-CHEK,False
Accu-chek. Active,Accu-chek. Active,ACCU-CHEK. ACTIVE,False
Accu-chek. Instant,Accu-chek. Instant,ACCU-CHEK. INSTANT,False
Accu-chek. Performa,Accu-chek. Performa,ACCU-CHEK. PERFORMA,False
Accu-chek. Softclix,Accu-chek. Softclix,ACCU-CHEK. SOFTCLIX,False
Ace,Ace,ACE,False
Acer,Acer,ACER,False
Acros,Acros,ACROS,False
Ades,Ades,ADES,False
Adidas,Adidas,ADIDAS,False
Adorable,Adorable,ADORABLE,False
Adorable. Dulces Abrazos,Adorable. Dulces Abrazos,ADORABLE. DULCES ABRAZOS,False
Aguascalientes,Aguascalientes,AGUASCALIENTES,False
Ajax Amonia,Ajax Amonia,AJAX AMONIA,False
Aksi,Aksi,AKSI,False
Aladino,Aladino,ALADINO,False
Alert,Alert,ALERT,False
Alexa,Alexa,ALEXA,False
Alfa Medical,Alfa Medical,ALFA MEDICAL,False
Alimentaci?n para el Bienestar,Alimentación para el Bienestar,ALIMENTACION PARA EL BIENESTAR,False
Alimentación para el Bienestar,Alimentación para el Bienestar,ALIMENTACION PARA EL BIENESTAR,False
All-bran. Kellogg's,All-bran. Kellogg's,ALL-BRAN. KELLOGG'S,False
All-bran. Kellogg?s,All-bran. Kellogg´s,ALL-BRAN. KELLOGG S,False
All-bran. Kellogg´s,All-bran. Kellogg´s,ALL-BRAN. KELLOGG S,False
Alpino,Alpino,ALPINO,False
Alpino. Pavino,Alpino. Pavino,ALPINO. PAVINO,False
Alpura,Alpura,ALPURA,False
Alpura. Cl?sica,Alpura. Clásica,ALPURA. CLASICA,False
Alpura. Clásica,Alpura. Clásica,ALPURA. CLASICA,False
Alpura. Deslactosada,Alpura. Deslactosada,ALPURA. DESLACTOSADA,False
Alpura. Selecta,Alpura. Selecta,ALPURA. SELECTA,False
Alpura. Vaquitas,Alpura. Vaquitas,ALPURA. VAQUITAS,False
Altamar,Altamar,ALTAMAR,False
Always,Always,ALWAYS,False
Amazon,Amazon,AMAZON,False
Amazon + Alexa,Amazon + Alexa,AMAZON + ALEXA,False
Ancla,Ancla,ANCLA,False
Andre. Brut. California,Andre. Brut. California,ANDRE. BRUT. CALIFORNIA,False
Andre. Rose,Andre. Rose,ANDRE. ROSE,False
Andreas,Andreas,ANDREAS,False
Apache,Apache,APACHE,False
Aprecio,Aprecio,APRECIO,False
Araceli,Araceli,ARACELI,False
Arcoiris,Arcoiris,ARCOIRIS,False
Ariel,Ariel,ARIEL,False
Asus,Asus,ASUS,False
At?n la Mar,Atún la Mar,ATUN LA MAR,False
Atrix. Intensive,Atrix. Intensive,ATRIX. INTENSIVE,False
Atún la Mar,Atún la Mar,ATUN LA MAR,False
Audaz,Audaz,AUDAZ,False
Aurrera,Aurrera,AURRERA,False
Av?cola,Avícola,AVICOLA,False
Ave,Ave,AVE,False
Avena 1,Avena 1,AVENA 1,False
Avícola,Avícola,AVICOLA,False
Axe,Axe,AXE,False
Axion,Axion,AXION,False
Azor. Aquarelo D?o,Azor. Aquarelo Dúo,AZOR. AQUARELO DUO,False
Azor. Aquarelo Dúo,Azor. Aquarelo Dúo,AZOR. AQUARELO DUO,False
Azor. Aquarelo Grip,Azor. Aquarelo Grip,AZOR. AQUARELO GRIP,False
Azor. Aquarelo Junior,Azor. Aquarelo Junior,AZOR. AQUARELO JUNIOR,False
Azor. Magistral Clásico,Azor. Magistral Clásico,AZOR. MAGISTRAL CLASICO,False
Azor. Pin Point,Azor. Pin Point,AZOR. PIN POINT,False
Azteca de Oro,Azteca de Oro,AZTECA DE ORO,False
Azucaradas. Maizoro,Azucaradas. Maizoro,AZUCARADAS. MAIZORO,False
B?falo,Búfalo,BUFALO,False
Baby Dove,Baby Dove,BABY DOVE,False
Baby Magic. Mennen,Baby Magic. Mennen,BABY MAGIC. MENNEN,False
Bacard?. Añejo,Bacardí. Añejo,BACARDI. ANEJO,False
Bacard?. Solera,Bacardí. Solera,BACARDI. SOLERA,False
Bacardí. Añejo,Bacardí. Añejo,BACARDI. ANEJO,False
Bacardí. Solera,Bacardí. Solera,BACARDI. SOLERA,False
Bachoco,Bachoco,BACHOCO,False
Baco,Baco,BACO,False
Bafar,Bafar,BAFAR,False
Bali Dreams,Bali Dreams,BALI DREAMS,False
Banana Boat. Aqua Kids,Banana Boat. Aqua Kids,BANANA BOAT. AQUA KIDS,False
Banana Boat. Dry Balance Sport,Banana Boat. Dry Balance Sport,BANANA BOAT. DRY BALANCE SPORT,False
Banana Boat. Kids Sport,Banana Boat. Kids Sport,BANANA BOAT. KIDS SPORT,False
Bandai,Bandai,BANDAI,False
Bandai (moose),Bandai (moose),BANDAI (MOOSE),False
Barajas,Barajas,BARAJAS,False
Barcel,Barcel,BARCEL,False
Barefoot,Barefoot,BAREFOOT,False
Barilla,Barilla,BARILLA,False
Barrilito,Barrilito,BARRILITO,False
Barrilito. 851,Barrilito. 851,BARRILITO. 851,False
Barrilito. Flexible. G-flex,Barrilito. Flexible. G-flex,BARRILITO. FLEXIBLE. G-FLEX,False
Barrilito. Pcc71,Barrilito. Pcc71,BARRILITO. PCC71,False
Baygon. Casa y Jardin,Baygon. Casa y Jardin,BAYGON. CASA Y JARDIN,False
Baygon. Total 1,Baygon. Total 1,BAYGON. TOTAL 1,False
Baygon. Ultra Verde,Baygon. Ultra Verde,BAYGON. ULTRA VERDE,False
Be-light,Be-light,BE-LIGHT,False
Bela,Bela,BELA,False
Benesta,Benesta,BENESTA,False
Benotto. Agressor,Benotto. Agressor,BENOTTO. AGRESSOR,False
Benotto. Giselle,Benotto. Giselle,BENOTTO. GISELLE,False
Benotto. Lyon,Benotto. Lyon,BENOTTO. LYON,False
Benzal,Benzal,BENZAL,False
Berol,Berol,BEROL,False
Beronia,Beronia,BERONIA,False
Bic,Bic,BIC,False
Bic. Cristal Fashion,Bic. Cristal Fashion,BIC. CRISTAL FASHION,False
"Bic. Cristal Fashion 1,2","Bic. Cristal Fashion 1,2","BIC. CRISTAL FASHION 1,2",False
Bic. Cristal Intenso,Bic. Cristal Intenso,BIC. CRISTAL INTENSO,False
Bic. Cristal. Diamante,Bic. Cristal. Diamante,BIC. CRISTAL. DIAMANTE,False
Bic. Cristal. Dura +,Bic. Cristal. Dura +,BIC. CRISTAL. DURA +,False
Bic. Cristal. Dura + el Cl?sico,Bic. Cristal. Dura + el Clásico,BIC. CRISTAL. DURA + EL CLASICO,False
Bic. Cristal. Dura + el Clásico,Bic. Cristal. Dura + el Clásico,BIC. CRISTAL. DURA + EL CLASICO,False
Bic. Cristal. Dura +. el Cl?sico,Bic. Cristal. Dura +. el Clásico,BIC. CRISTAL. DURA +. EL CLASICO,False
Bic. Cristal. Dura +. el Clásico,Bic. Cristal. Dura +. el Clásico,BIC. CRISTAL. DURA +. EL CLASICO,False
Bic. Cristal. Fashion,Bic. Cristal. Fashion,BIC. CRISTAL. FASHION,False
Bic. Cristal. Precisi?n,Bic. Cristal. Precisión,BIC. CRISTAL. PRECISION,False
Bic. Cristal. Precisi?n y Suavidad o Diamante,Bic. Cristal. Precisión y Suavidad o Diamante,BIC. CRISTAL. PRECISION Y SUAVIDAD O DIAMANTE,False
Bic. Cristal. Precisión,Bic. Cristal. Precisión,BIC. CRISTAL. PRECISION,False
Bic. Cristal. Precisión y Suavidad o Diamante,Bic. Cristal. Precisión y Suavidad o Diamante,BIC. CRISTAL. PRECISION Y SUAVIDAD O DIAMANTE,False
Bic. Cristal. Up,Bic. Cristal. Up,BIC. CRISTAL. UP,False
Bic. Evolution,Bic. Evolution,BIC. EVOLUTION,False
Bic. Evolution ? Kids,Bic. Evolution Ó Kids,BIC. EVOLUTION O KIDS,False
Bic. Evolution Ó Kids,Bic. Evolution Ó Kids,BIC. EVOLUTION O KIDS,False
Bic. Kids,Bic. Kids,BIC. KIDS,False
Bic. Kids. Puntas Xl,Bic. Kids. Puntas Xl,BIC. KIDS. PUNTAS XL,False
Bic. Marking,Bic. Marking,BIC. MARKING,False
Bic. Shimmers,Bic. Shimmers,BIC. SHIMMERS,False
Bic. Velocity. Side Clic,Bic. Velocity. Side Clic,BIC. VELOCITY. SIDE CLIC,False
Bida. Jumex,Bida. Jumex,BIDA. JUMEX,False
Bimbo,Bimbo,BIMBO,False
Bimbo. Bran Frut,Bimbo. Bran Frut,BIMBO. BRAN FRUT,False
Bimbo. Multigrano,Bimbo. Multigrano,BIMBO. MULTIGRANO,False
Bioexpert,Bioexpert,BIOEXPERT,False
Black & Decker,Black & Decker,BLACK & DECKER,False
Black+decker,Black+decker,BLACK+DECKER,False
Black+decker. Pulverix,Black+decker. Pulverix,BLACK+DECKER. PULVERIX,False
Black+decker. Purifry,Black+decker. Purifry,BLACK+DECKER. PURIFRY,False
Blanca Nieves,Blanca Nieves,BLANCA NIEVES,False
Blue Nun,Blue Nun,BLUE NUN,False
Blue Rhin,Blue Rhin,BLUE RHIN,False
Blue Rhin Liebfraumilch. Rheinhessen,Blue Rhin Liebfraumilch. Rheinhessen,BLUE RHIN LIEBFRAUMILCH. RHEINHESSEN,False
Bohemia. Pilsner,Bohemia. Pilsner,BOHEMIA. PILSNER,False
Boing!,Boing!,BOING!,False
Bold 3,Bold 3,BOLD 3,False
Bonafont,Bonafont,BONAFONT,False
Bonafont. Levité,Bonafont. Levité,BONAFONT. LEVITE,False
Borden,Borden,BORDEN,False
Borges. Cl?sico,Borges. Clásico,BORGES. CLASICO,False
Borges. Clásico,Borges. Clásico,BORGES. CLASICO,False
Borges. Original,Borges. Original,BORGES. ORIGINAL,False
Bormioli,Bormioli,BORMIOLI,False
Bostitch,Bostitch,BOSTITCH,False
Brasso,Brasso,BRASSO,False
Brut. Classic,Brut. Classic,BRUT. CLASSIC,False
Bueno,Bueno,BUENO,False
Bully,Bully,BULLY,False
Bumy Medical,Bumy Medical,BUMY MEDICAL,False
Burr,Burr,BURR,False
Butterball. Premium,Butterball. Premium,BUTTERBALL. PREMIUM,False
Búfalo,Búfalo,BUFALO,False
Calahua,Calahua,CALAHUA,False
California Bay,California Bay,CALIFORNIA BAY,False
California. Valle Redondo,California. Valle Redondo,CALIFORNIA. VALLE REDONDO,False
Calixa,Calixa,CALIXA,False
Calixa. Monte Xanic,Calixa. Monte Xanic,CALIXA. MONTE XANIC,False
Calmex,Calmex,CALMEX,False
Camay. Botanicals,Camay. Botanicals,CAMAY. BOTANICALS,False
Camay. Clasico,Camay. Clasico,CAMAY. CLASICO,False
Campanario,Campanario,CAMPANARIO,False
Campoamor,Campoamor,CAMPOAMOR,False
Canada Dry,Canada Dry,CANADA DRY,False
Canoil,Canoil,CANOIL,False
Canon,Canon,CANON,False
Cantaburros,Cantaburros,CANTABURROS,False
Capent,Capent,CAPENT,False
Caperucita,Caperucita,CAPERUCITA,False
Capistrano,Capistrano,CAPISTRANO,False
Caprice,Caprice,CAPRICE,False
Caprice Naturals,Caprice Naturals,CAPRICE NATURALS,False
Capullo,Capullo,CAPULLO,False
Carapelli. Oro Verde,Carapelli. Oro Verde,CARAPELLI. ORO VERDE,False
Carbonell,Carbonell,CARBONELL,False
Carbonell. Cocina,Carbonell. Cocina,CARBONELL. COCINA,False
Caricia,Caricia,CARICIA,False
Carisma,Carisma,CARISMA,False
Carlo Rossi,Carlo Rossi,CARLO ROSSI,False
Carlota,Carlota,CARLOTA,False
Carnation. Clavel,Carnation. Clavel,CARNATION. CLAVEL,False
Carnaval,Carnaval,CARNAVAL,False
Carneli,Carneli,CARNELI,False
Casero,Casero,CASERO,False
Casio,Casio,CASIO,False
Castillo del Rhin,Castillo del Rhin,CASTILLO DEL RHIN,False
Catarino's,Catarino's,CATARINO'S,False
Catarino?s,Catarino´s,CATARINO S,False
Catarino´s,Catarino´s,CATARINO S,False
Cazadores,Cazadores,CAZADORES,False
Cazerola,Cazerola,CAZEROLA,False
Celica,Celica,CELICA,False
Cereales Don Luis,Cereales Don Luis,CEREALES DON LUIS,False
Chantilly,Chantilly,CHANTILLY,False
Charly,Charly,CHARLY,False
Charly. Kids,Charly. Kids,CHARLY. KIDS,False
Charras. Original,Charras. Original,CHARRAS. ORIGINAL,False
Chateau Domecq,Chateau Domecq,CHATEAU DOMECQ,False
Chedraui,Chedraui,CHEDRAUI,False
Chefman,Chefman,CHEFMAN,False
Chefmarker,Chefmarker,CHEFMARKER,False
Chen,Chen,CHEN,False
Chicolastic. Classic,Chicolastic. Classic,CHICOLASTIC. CLASSIC,False
Chicolastic. Kiddies,Chicolastic. Kiddies,CHICOLASTIC. KIDDIES,False
Chilchota,Chilchota,CHILCHOTA,False
Chimex,Chimex,CHIMEX,False
Chipilo,Chipilo,CHIPILO,False
Choco Choco,Choco Choco,CHOCO CHOCO,False
Choco Krispis. Kellogg's,Choco Krispis. Kellogg's,CHOCO KRISPIS. KELLOGG'S,False
Choco Krispis. Kellogg?s,Choco Krispis. Kellogg´s,CHOCO KRISPIS. KELLOGG S,False
Choco Krispis. Kellogg´s,Choco Krispis. Kellogg´s,CHOCO KRISPIS. KELLOGG S,False
Choco Milk,Choco Milk,CHOCO MILK,False
Choicemmed,Choicemmed,CHOICEMMED,False
Ciel,Ciel,CIEL,False
Ciervo,Ciervo,CIERVO,False
Citizen,Citizen,CITIZEN,False
City Fresh,City Fresh,CITY FRESH,False
Clarasol,Clarasol,CLARASOL,False
Clemente Jacques,Clemente Jacques,CLEMENTE JACQUES,False
Clight,Clight,CLIGHT,False
Cloralex,Cloralex,CLORALEX,False
Clorox,Clorox,CLOROX,False
Clorox. Expert,Clorox. Expert,CLOROX. EXPERT,False
Coca Cola,Coca Cola,COCA COLA,False
Coca Cola. Light,Coca Cola. Light,COCA COLA. LIGHT,False
Coca Cola. Zero,Coca Cola. Zero,COCA COLA. ZERO,False
Cocoroco,Cocoroco,COCOROCO,False
Colgate,Colgate,COLGATE,False
Colgate. M?xima Protecci?n Anticaries,Colgate. Máxima Protección Anticaries,COLGATE. MAXIMA PROTECCION ANTICARIES,False
Colgate. Máxima Protección Anticaries,Colgate. Máxima Protección Anticaries,COLGATE. MAXIMA PROTECCION ANTICARIES,False
Colgate. Sensitive,Colgate. Sensitive,COLGATE. SENSITIVE,False
Colgate. Triple Acci?n,Colgate. Triple Acción,COLGATE. TRIPLE ACCION,False
Colgate. Triple Acción,Colgate. Triple Acción,COLGATE. TRIPLE ACCION,False
Colorcitos,Colorcitos,COLORCITOS,False
Concha y Toro,Concha y Toro,CONCHA Y TORO,False
Concha y Toro. Casillero del Diablo,Concha y Toro. Casillero del Diablo,CONCHA Y TORO. CASILLERO DEL DIABLO,False
Concha y Toro. Casillero del Diablo.,Concha y Toro. Casillero del Diablo.,CONCHA Y TORO. CASILLERO DEL DIABLO,False
Cono Sur,Cono Sur,CONO SUR,False
Contour Plus,Contour Plus,CONTOUR PLUS,False
Contour Plus. Elite,Contour Plus. Elite,CONTOUR PLUS. ELITE,False
Converse,Converse,CONVERSE,False
Corina,Corina,CORINA,False
Corn Flakes. Kellogg's,Corn Flakes. Kellogg's,CORN FLAKES. KELLOGG'S,False
Corn Flakes. Kellogg?s,Corn Flakes. Kellogg´s,CORN FLAKES. KELLOGG S,False
Corn Flakes. Kellogg´s,Corn Flakes. Kellogg´s,CORN FLAKES. KELLOGG S,False
Corn Flakes. Maizoro,Corn Flakes. Maizoro,CORN FLAKES. MAIZORO,False
Corn Flakes. Nestlé,Corn Flakes. Nestlé,CORN FLAKES. NESTLE,False
Corn Pops. Kellogg's,Corn Pops. Kellogg's,CORN POPS. KELLOGG'S,False
Corn Pops. Kellogg?s,Corn Pops. Kellogg´s,CORN POPS. KELLOGG S,False
Corn Pops. Kellogg´s,Corn Pops. Kellogg´s,CORN POPS. KELLOGG S,False
Corona,Corona,CORONA,False
Corona Extra,Corona Extra,CORONA EXTRA,False
Coronado,Coronado,CORONADO,False
Coronita Cero,Coronita Cero,CORONITA CERO,False
Cr?o,Crío,CRIO,False
Crayola,Crayola,CRAYOLA,False
Crayola. Alternative,Crayola. Alternative,CRAYOLA. ALTERNATIVE,False
Crayola. Plumoncitos,Crayola. Plumoncitos,CRAYOLA. PLUMONCITOS,False
Crayola. So Big!,Crayola. So Big!,CRAYOLA. SO BIG!,False
Crayola. Super Tips,Crayola. Super Tips,CRAYOLA. SUPER TIPS,False
Crayola. Toys,Crayola. Toys,CRAYOLA. TOYS,False
Crayola. Twistables,Crayola. Twistables,CRAYOLA. TWISTABLES,False
Creative Medical,Creative Medical,CREATIVE MEDICAL,False
Crest. Complete. 4 en 1,Crest. Complete. 4 en 1,CREST. COMPLETE. 4 EN 1,False
Cristal,Cristal,CRISTAL,False
Cruz Blanca,Cruz Blanca,CRUZ BLANCA,False
Crío,Crío,CRIO,False
Cualquier Marca,Cualquier Marca,CUALQUIER MARCA,False
Cuatro Soles,Cuatro Soles,CUATRO SOLES,False
Cune,Cune,CUNE,False
Curitas,Curitas,CURITAS,False
Cuétara,Cuétara,CUETARA,False
D'gari,D'gari,D'GARI,False
D'oro,D'oro,D'ORO,False
D'palu,D'palu,D'PALU,False
D?gari,D´gari,D GARI,False
D?héctor,D´héctor,D HECTOR,False
D?oro,D´oro,D ORO,False
D?palu,Dípalu,DIPALU,False
Daewoo,Daewoo,DAEWOO,False
Dalux,Dalux,DALUX,False
Danone,Danone,DANONE,False
Danone. Activia,Danone. Activia,DANONE. ACTIVIA,False
De la Fuente,De la Fuente,DE LA FUENTE,False
De la Olla,De la Olla,DE LA OLLA,False
De la Viuda,De la Viuda,DE LA VIUDA,False
Del Fuerte,Del Fuerte,DEL FUERTE,False
Del Monte,Del Monte,DEL MONTE,False
Del Valle,Del Valle,DEL VALLE,False
Del Valle. Frut,Del Valle. Frut,DEL VALLE. FRUT,False
Del Valle. Reserva,Del Valle. Reserva,DEL VALLE. RESERVA,False
Delaware Punch,Delaware Punch,DELAWARE PUNCH,False
Delicia,Delicia,DELICIA,False
Deliciosa,Deliciosa,DELICIOSA,False
Delsey. Max,Delsey. Max,DELSEY. MAX,False
Delta,Delta,DELTA,False
Delta. Del65,Delta. Del65,DELTA. DEL65,False
Diamante,Diamante,DIAMANTE,False
Diamcers,Diamcers,DIAMCERS,False
Dietrix,Dietrix,DIETRIX,False
Diluvio,Diluvio,DILUVIO,False
Diva Cup 1,Diva Cup 1,DIVA CUP 1,False
Diva Cup 2,Diva Cup 2,DIVA CUP 2,False
Dixon,Dixon,DIXON,False
Dixon. Blanca Nieves,Dixon. Blanca Nieves,DIXON. BLANCA NIEVES,False
Dixon. Mapita,Dixon. Mapita,DIXON. MAPITA,False
Dixon. Métrico,Dixon. Métrico,DIXON. METRICO,False
Dixon. Pastel,Dixon. Pastel,DIXON. PASTEL,False
Dixon. Siempre Juntas,Dixon. Siempre Juntas,DIXON. SIEMPRE JUNTAS,False
Dixon. Ticonderoga,Dixon. Ticonderoga,DIXON. TICONDEROGA,False
Dixon. Triconderoga. My First,Dixon. Triconderoga. My First,DIXON. TRICONDEROGA. MY FIRST,False
Dixon. Triconderoga. Stripe,Dixon. Triconderoga. Stripe,DIXON. TRICONDEROGA. STRIPE,False
Dody's,Dody's,DODY'S,False
Dody?s,Dody´s,DODY S,False
Dody´s,Dody´s,DODY S,False
Dolce Kristal,Dolce Kristal,DOLCE KRISTAL,False
Dolores,Dolores,DOLORES,False
Domino,Domino,DOMINO,False
Don Generozo,Don Generozo,DON GENEROZO,False
Don Zabor,Don Zabor,DON ZABOR,False
Dorado,Dorado,DORADO,False
Dos Equis Lager. Especial,Dos Equis Lager. Especial,DOS EQUIS LAGER. ESPECIAL,False
Dove,Dove,DOVE,False
Downy,Downy,DOWNY,False
Doña Jimena,Doña Jimena,DONA JIMENA,False
Doña Mar?a,Doña María,DONA MARIA,False
Doña María,Doña María,DONA MARIA,False
Dr. Pepper,Dr. Pepper,DR. PEPPER,False
Duby,Duby,DUBY,False
Duracell,Duracell,DURACELL,False
D´gari,D´gari,D GARI,False
D´héctor,D´héctor,D HECTOR,False
D´oro,D´oro,D ORO,False
Dátiles del Desierto,Dátiles del Desierto,DATILES DEL DESIERTO,False
Dípalu,Dípalu,DIPALU,False
Ecko,Ecko,ECKO,False
Eclipsol,Eclipsol,ECLIPSOL,False
Eficaz,Eficaz,EFICAZ,False
Ego Black,Ego Black,EGO BLACK,False
Ekco,Ekco,EKCO,False
Ekco. Classic,Ekco. Classic,EKCO. CLASSIC,False
El Almendro,El Almendro,EL ALMENDRO,False
El Calvario,El Calvario,EL CALVARIO,False
El Ciervo,El Ciervo,EL CIERVO,False
El Cl?sico de Morelos,El Clásico de Morelos,EL CLASICO DE MORELOS,False
El Clásico de Morelos,El Clásico de Morelos,EL CLASICO DE MORELOS,False
El Coto,El Coto,EL COTO,False
El Cuernito,El Cuernito,EL CUERNITO,False
El Dorado,El Dorado,EL DORADO,False
El Duende Frijol?n,El Duende Frijol?n,EL DUENDE FRIJOL?N,False
El Duende Frijolín,El Duende Frijolín,EL DUENDE FRIJOLIN,False
El Duende Frijolón,El Duende Frijolón,EL DUENDE FRIJOLON,False
El Faro,El Faro,EL FARO,False
El Fresno,El Fresno,EL FRESNO,False
El Jarro,El Jarro,EL JARRO,False
El Jimador,El Jimador,EL JIMADOR,False
El Labrador,El Labrador,EL LABRADOR,False
El Mayu,El Mayu,EL MAYU,False
El Milagro,El Milagro,EL MILAGRO,False
El Pomar,El Pomar,EL POMAR,False
El Serpis,El Serpis,EL SERPIS,False
El Yucateco,El Yucateco,EL YUCATECO,False
El Yuka,El Yuka,EL YUKA,False
Electrolit,Electrolit,ELECTROLIT,False
Elefante,Elefante,ELEFANTE,False
Elite. Cuidado Cl?sico,Elite. Cuidado Clásico,ELITE. CUIDADO CLASICO,False
Elite. Cuidado Clásico,Elite. Cuidado Clásico,ELITE. CUIDADO CLASICO,False
Elite. Duo,Elite. Duo,ELITE. DUO,False
Elite. M?xima Suavidad,Elite. Máxima Suavidad,ELITE. MAXIMA SUAVIDAD,False
Elite. Megaroll,Elite. Megaroll,ELITE. MEGAROLL,False
Elite. Máxima Suavidad,Elite. Máxima Suavidad,ELITE. MAXIMA SUAVIDAD,False
Elite. Premium Soft Xl,Elite. Premium Soft Xl,ELITE. PREMIUM SOFT XL,False
Elite. Ultra Absorbente,Elite. Ultra Absorbente,ELITE. ULTRA ABSORBENTE,False
Elite. Ultra Suave,Elite. Ultra Suave,ELITE. ULTRA SUAVE,False
Elmer?s. Disappearing Purple School Glue,Elmer´s. Disappearing Purple School Glue,ELMER S. DISAPPEARING PURPLE SCHOOL GLUE,False
Elmer?s. School Glue,Elmer´s. School Glue,ELMER S. SCHOOL GLUE,False
Elmer´s. Disappearing Purple School Glue,Elmer´s. Disappearing Purple School Glue,ELMER S. DISAPPEARING PURPLE SCHOOL GLUE,False
Elmer´s. School Glue,Elmer´s. School Glue,ELMER S. SCHOOL GLUE,False
Elvive,Elvive,ELVIVE,False
Energizer Max,Energizer Max,ENERGIZER MAX,False
Enerplex,Enerplex,ENERPLEX,False
Ensueño,Ensueño,ENSUENO,False
Ensure,Ensure,ENSURE,False
Epura,Epura,EPURA,False
Escosa,Escosa,ESCOSA,False
Escudo,Escudo,ESCUDO,False
Esmeralda,Esmeralda,ESMERALDA,False
Estrella,Estrella,ESTRELLA,False
Eugenia,Eugenia,EUGENIA,False
Eveready. Gold,Eveready. Gold,EVEREADY. GOLD,False
Evian,Evian,EVIAN,False
Extra Especial,Extra Especial,EXTRA ESPECIAL,False
F de M. Fotorama de México,F de M. Fotorama de México,F DE M. FOTORAMA DE MEXICO,False
Faber Castell,Faber Castell,FABER CASTELL,False
Faber Castell. Multicolor,Faber Castell. Multicolor,FABER CASTELL. MULTICOLOR,False
Fabuloso,Fabuloso,FABULOSO,False
Facia Bond. Copamex,Facia Bond. Copamex,FACIA BOND. COPAMEX,False
Factis. (Ov12),Factis. (Ov12),FACTIS. (OV12),False
Factis. (ov12),Factis. (ov12),FACTIS. (OV12),False
Factis. Softer,Factis. Softer,FACTIS. SOFTER,False
Factis. Softer S20,Factis. Softer S20,FACTIS. SOFTER S20,False
Factis. Tri 342,Factis. Tri 342,FACTIS. TRI 342,False
Family Guard,Family Guard,FAMILY GUARD,False
Famosa,Famosa,FAMOSA,False
Fancy,Fancy,FANCY,False
Fanta,Fanta,FANTA,False
Farmacom,Farmacom,FARMACOM,False
Federico Paternina,Federico Paternina,FEDERICO PATERNINA,False
Federico Paternina. Banda Azul,Federico Paternina. Banda Azul,FEDERICO PATERNINA. BANDA AZUL,False
Ferrero Rocher,Ferrero Rocher,FERRERO ROCHER,False
Ferrero. Collection,Ferrero. Collection,FERRERO. COLLECTION,False
Fifa. Num. 10,Fifa. Num. 10,FIFA. NUM. 10,False
Fifa. Ondulada Clipper,Fifa. Ondulada Clipper,FIFA. ONDULADA CLIPPER,False
Filippo Berio,Filippo Berio,FILIPPO BERIO,False
Finca las Moras,Finca las Moras,FINCA LAS MORAS,False
Fior Di Pasta,Fior Di Pasta,FIOR DI PASTA,False
Fiore,Fiore,FIORE,False
Fiser Price,Fiser Price,FISER PRICE,False
Fish & Fresh,Fish & Fresh,FISH & FRESH,False
Fish Co,Fish Co,FISH CO,False
Fisha Tuna,Fisha Tuna,FISHA TUNA,False
Fisher & Yonger,Fisher & Yonger,FISHER & YONGER,False
Fisher Price,Fisher Price,FISHER PRICE,False
Fisher-price,Fisher-price,FISHER-PRICE,False
Fitness. Nestlé,Fitness. Nestlé,FITNESS. NESTLE,False
Flama,Flama,FLAMA,False
Flash,Flash,FLASH,False
Flexi,Flexi,FLEXI,False
Floral. Rendi Plus +,Floral. Rendi Plus +,FLORAL. RENDI PLUS +,False
Florida 7,Florida 7,FLORIDA 7,False
Foca,Foca,FOCA,False
Folicuré,Folicuré,FOLICURE,False
Formación Cívica y Ética 3. Serie Travesías,Formación Cívica y Ética 3. Serie Travesías,FORMACION CIVICA Y ETICA 3. SERIE TRAVESIAS,False
Forti Plus,Forti Plus,FORTI PLUS,False
Franja,Franja,FRANJA,False
Free Style. Optium,Free Style. Optium,FREE STYLE. OPTIUM,False
French S Classic Yellow,French S Classic Yellow,FRENCH S CLASSIC YELLOW,False
Fresca,Fresca,FRESCA,False
Fresh Label,Fresh Label,FRESH LABEL,False
Fresh-co,Fresh-co,FRESH-CO,False
Froot Loops. Kellogg's,Froot Loops. Kellogg's,FROOT LOOPS. KELLOGG'S,False
Froot Loops. Kellogg?s,Froot Loops. Kellogg´s,FROOT LOOPS. KELLOGG S,False
Froot Loops. Kellogg´s,Froot Loops. Kellogg´s,FROOT LOOPS. KELLOGG S,False
Fud,Fud,FUD,False
Fujifilm,Fujifilm,FUJIFILM,False
Fujifilm. Fine Pix,Fujifilm. Fine Pix,FUJIFILM. FINE PIX,False
Fun Fruit,Fun Fruit,FUN FRUIT,False
Fuze Tea,Fuze Tea,FUZE TEA,False
G.e.,G.e.,G.E,False
Galicia,Galicia,GALICIA,False
Gallo Family,Gallo Family,GALLO FAMILY,False
Gamesa,Gamesa,GAMESA,False
Gamma,Gamma,GAMMA,False
Ganata,Ganata,GANATA,False
Garnier,Garnier,GARNIER,False
Garnier. Fructis,Garnier. Fructis,GARNIER. FRUCTIS,False
Garnier. Nutrisse. 40,Garnier. Nutrisse. 40,GARNIER. NUTRISSE. 40,False
Gato Negro,Gato Negro,GATO NEGRO,False
Gatorade,Gatorade,GATORADE,False
Gena,Gena,GENA,False
George,George,GEORGE,False
Gerber,Gerber,GERBER,False
Ghia,Ghia,GHIA,False
Gillette,Gillette,GILLETTE,False
Gillette. Foamy,Gillette. Foamy,GILLETTE. FOAMY,False
Gloria,Gloria,GLORIA,False
Glucerna,Glucerna,GLUCERNA,False
Go Pro,Go Pro,GO PRO,False
Goicoechea. Diabet Tx,Goicoechea. Diabet Tx,GOICOECHEA. DIABET TX,False
Golden Hills,Golden Hills,GOLDEN HILLS,False
Golondrina,Golondrina,GOLONDRINA,False
Google,Google,GOOGLE,False
Gota Blanca,Gota Blanca,GOTA BLANCA,False
Gran Coronas Torres,Gran Coronas Torres,GRAN CORONAS TORRES,False
Gran Cosecha,Gran Cosecha,GRAN COSECHA,False
Gran Tarapacá,Gran Tarapacá,GRAN TARAPACA,False
Gran Tradici?n,Gran Tradición,GRAN TRADICION,False
Gran Tradición,Gran Tradición,GRAN TRADICION,False
Grand Brand,Grand Brand,GRAND BRAND,False
Grano de Oro,Grano de Oro,GRANO DE ORO,False
Granvita,Granvita,GRANVITA,False
Granvita 0%,Granvita 0%,GRANVITA 0%,False
Great Day,Great Day,GREAT DAY,False
Great Value,Great Value,GREAT VALUE,False
Great Value. Multicorte,Great Value. Multicorte,GREAT VALUE. MULTICORTE,False
Great Value. Original,Great Value. Original,GREAT VALUE. ORIGINAL,False
Great Value. Premium,Great Value. Premium,GREAT VALUE. PREMIUM,False
Grisi,Grisi,GRISI,False
Grisi. Ricitos de Oro,Grisi. Ricitos de Oro,GRISI. RICITOS DE ORO,False
Guacamaya,Guacamaya,GUACAMAYA,False
Guadalupe,Guadalupe,GUADALUPE,False
Guaymex,Guaymex,GUAYMEX,False
H-24. Casa y Jardin,H-24. Casa y Jardin,H-24. CASA Y JARDIN,False
H-24. Doméstico,H-24. Doméstico,H-24. DOMESTICO,False
H-24. Poder Fulminante. Ultra Eficaz,H-24. Poder Fulminante. Ultra Eficaz,H-24. PODER FULMINANTE. ULTRA EFICAZ,False
Hamilton Beach,Hamilton Beach,HAMILTON BEACH,False
Hands,Hands,HANDS,False
Hasbro,Hasbro,HASBRO,False
Hasbro / Gaming,Hasbro / Gaming,HASBRO / GAMING,False
Hasbro/games,Hasbro/games,HASBRO/GAMES,False
Hasbro/gaming,Hasbro/gaming,HASBRO/GAMING,False
Hawaiian Tropic,Hawaiian Tropic,HAWAIIAN TROPIC,False
Head & Shoulders,Head & Shoulders,HEAD & SHOULDERS,False
Heb,Heb,HEB,False
Heb Supreme,Heb Supreme,HEB SUPREME,False
Heb. Supreme,Heb. Supreme,HEB. SUPREME,False
Heineken,Heineken,HEINEKEN,False
Heineken 0.0,Heineken 0.0,HEINEKEN 0.0,False
Heinz,Heinz,HEINZ,False
Hellmann's. Clásica,Hellmann's. Clásica,HELLMANN'S. CLASICA,False
Hellmann's. Light,Hellmann's. Light,HELLMANN'S. LIGHT,False
Hellmann?s. Cl?sica,Hellmann´s. Clásica,HELLMANN S. CLASICA,False
Hellmann?s. Light,Hellmann´s. Light,HELLMANN S. LIGHT,False
Hellmann´s. Clásica,Hellmann´s. Clásica,HELLMANN S. CLASICA,False
Hellmann´s. Light,Hellmann´s. Light,HELLMANN S. LIGHT,False
Heno de Pravia,Heno de Pravia,HENO DE PRAVIA,False
Herbal Essences,Herbal Essences,HERBAL ESSENCES,False
Herdez,Herdez,HERDEZ,False
Herederos del Marqués de Riscal,Herederos del Marqués de Riscal,HEREDEROS DEL MARQUES DE RISCAL,False
Hershey´s Kisses,Hershey´s Kisses,HERSHEY S KISSES,False
Hershey´s. Coffee Creations,Hershey´s. Coffee Creations,HERSHEY S. COFFEE CREATIONS,False
Hershey´s. Kisses. Selección Especial,Hershey´s. Kisses. Selección Especial,HERSHEY S. KISSES. SELECCION ESPECIAL,False
Hill Country Fare,Hill Country Fare,HILL COUNTRY FARE,False
Hill Country Fare. Essentials,Hill Country Fare. Essentials,HILL COUNTRY FARE. ESSENTIALS,False
Hill Country. Essentials.,Hill Country. Essentials.,HILL COUNTRY. ESSENTIALS,False
Hinds,Hinds,HINDS,False
Hisense,Hisense,HISENSE,False
Holanda. Crem?ssimo,Holanda. Cremíssimo,HOLANDA. CREMISSIMO,False
Holanda. Cremissimo,Holanda. Cremissimo,HOLANDA. CREMISSIMO,False
Holanda. Cremíssimo,Holanda. Cremíssimo,HOLANDA. CREMISSIMO,False
Home Care,Home Care,HOME CARE,False
Home Care Diagnostic,Home Care Diagnostic,HOME CARE DIAGNOSTIC,False
Honey Suckle White,Honey Suckle White,HONEY SUCKLE WHITE,False
Honor,Honor,HONOR,False
Hortensia,Hortensia,HORTENSIA,False
Hortensia. Supreme,Hortensia. Supreme,HORTENSIA. SUPREME,False
Hot WheelS/Mattel,Hot WheelS/Mattel,HOT WHEELS/MATTEL,False
Hot Wheels/fisher -price,Hot Wheels/fisher -price,HOT WHEELS/FISHER -PRICE,False
Hot Wheels/fisher-price,Hot Wheels/fisher-price,HOT WHEELS/FISHER-PRICE,False
Hot Wheels/mattel,Hot Wheels/mattel,HOT WHEELS/MATTEL,False
Hp,Hp,HP,False
Huawei,Huawei,HUAWEI,False
Huffy Frozen,Huffy Frozen,HUFFY FROZEN,False
Huffy. Frozen,Huffy. Frozen,HUFFY. FROZEN,False
Huffy. Minecraft,Huffy. Minecraft,HUFFY. MINECRAFT,False
Huffy. Spider-man,Huffy. Spider-man,HUFFY. SPIDER-MAN,False
Huffy. Transformer. M1000,Huffy. Transformer. M1000,HUFFY. TRANSFORMER. M1000,False
Huggies,Huggies,HUGGIES,False
Huggies. Supreme,Huggies. Supreme,HUGGIES. SUPREME,False
Huggies. Ultra Confort,Huggies. Ultra Confort,HUGGIES. ULTRA CONFORT,False
Hyundai,Hyundai,HYUNDAI,False
I Cant Believe Its Not Butter!,I Cant Believe Its Not Butter!,I CANT BELIEVE ITS NOT BUTTER!,False
Ibarra,Ibarra,IBARRA,False
Iberia. 5 en 1,Iberia. 5 en 1,IBERIA. 5 EN 1,False
Ibero,Ibero,IBERO,False
Ibero. Barcelona,Ibero. Barcelona,IBERO. BARCELONA,False
Imperial,Imperial,IMPERIAL,False
Inca,Inca,INCA,False
Indio,Indio,INDIO,False
Infusi?nate,Infusiónate,INFUSIONATE,False
Infusiónate,Infusiónate,INFUSIONATE,False
Inhala Care o Home Care,Inhala Care o Home Care,INHALA CARE O HOME CARE,False
Inspira,Inspira,INSPIRA,False
Internacional,Internacional,INTERNACIONAL,False
Internacional Americano,Internacional Americano,INTERNACIONAL AMERICANO,False
Iris,Iris,IRIS,False
Iris. Bienestar,Iris. Bienestar,IRIS. BIENESTAR,False
Isadora,Isadora,ISADORA,False
Italpasta,Italpasta,ITALPASTA,False
Jadecook,Jadecook,JADECOOK,False
Jakks,Jakks,JAKKS,False
Jaloma,Jaloma,JALOMA,False
Janel,Janel,JANEL,False
Jarritos,Jarritos,JARRITOS,False
Jbl,Jbl,JBL,False
Jell-o,Jell-o,JELL-O,False
Jersey,Jersey,JERSEY,False
Jevsa,Jevsa,JEVSA,False
Johnnie Walker. Red Label,Johnnie Walker. Red Label,JOHNNIE WALKER. RED LABEL,False
Johnson's,Johnson's,JOHNSON'S,False
Johnson's Baby,Johnson's Baby,JOHNSON'S BABY,False
Johnson?s,Johnson´s,JOHNSON S,False
Johnson?s Baby,Johnson´s Baby,JOHNSON S BABY,False
Johnson´s,Johnson´s,JOHNSON S,False
Johnson´s Baby,Johnson´s Baby,JOHNSON S BABY,False
Jolca,Jolca,JOLCA,False
José Cuervo. Especial,José Cuervo. Especial,JOSE CUERVO. ESPECIAL,False
José Cuervo. Tradicional,José Cuervo. Tradicional,JOSE CUERVO. TRADICIONAL,False
Jovan Musk,Jovan Musk,JOVAN MUSK,False
Jumex,Jumex,JUMEX,False
Jumex. Sport,Jumex. Sport,JUMEX. SPORT,False
Kaiser,Kaiser,KAISER,False
Karate,Karate,KARATE,False
Kartamus,Kartamus,KARTAMUS,False
Ke Precio,Ke Precio,KE PRECIO,False
Kellogg's,Kellogg's,KELLOGG'S,False
Kellogg?s,Kellogg´s,KELLOGG S,False
Kellogg´s,Kellogg´s,KELLOGG S,False
King Blue,King Blue,KING BLUE,False
Kir,Kir,KIR,False
Kir. Lunch,Kir. Lunch,KIR. LUNCH,False
Kirkland,Kirkland,KIRKLAND,False
Kleen Bebe. Comodisec,Kleen Bebe. Comodisec,KLEEN BEBE. COMODISEC,False
Kleen Bebé,Kleen Bebé,KLEEN BEBE,False
Kleen Bebé. Absorsec Ultra,Kleen Bebé. Absorsec Ultra,KLEEN BEBE. ABSORSEC ULTRA,False
Kleen Bebé. Comodisec,Kleen Bebé. Comodisec,KLEEN BEBE. COMODISEC,False
Kleen Bebé. Suavelastic,Kleen Bebé. Suavelastic,KLEEN BEBE. SUAVELASTIC,False
Kleen Bebé. Suavelastic Max,Kleen Bebé. Suavelastic Max,KLEEN BEBE. SUAVELASTIC MAX,False
Kleenex. Class,Kleenex. Class,KLEENEX. CLASS,False
Kleenex. Cottonelle. Beauty,Kleenex. Cottonelle. Beauty,KLEENEX. COTTONELLE. BEAUTY,False
Kleenex. Cottonelle. Elegance,Kleenex. Cottonelle. Elegance,KLEENEX. COTTONELLE. ELEGANCE,False
Kleenex. Cottonelle. Soft,Kleenex. Cottonelle. Soft,KLEENEX. COTTONELLE. SOFT,False
Kleenex. Cottonelle. Soft. Edición Xl,Kleenex. Cottonelle. Soft. Edición Xl,KLEENEX. COTTONELLE. SOFT. EDICION XL,False
Knorr,Knorr,KNORR,False
Koblenz,Koblenz,KOBLENZ,False
Koblenz (kitchen Magic Collection),Koblenz (kitchen Magic Collection),KOBLENZ (KITCHEN MAGIC COLLECTION),False
Koblenz (kitchen Magic),Koblenz (kitchen Magic),KOBLENZ (KITCHEN MAGIC),False
Koblenz. Alpha,Koblenz. Alpha,KOBLENZ. ALPHA,False
Koblenz. Centauri,Koblenz. Centauri,KOBLENZ. CENTAURI,False
Koblenz. Firenze,Koblenz. Firenze,KOBLENZ. FIRENZE,False
Koblenz. Florencia,Koblenz. Florencia,KOBLENZ. FLORENCIA,False
Koblenz. Ginebra,Koblenz. Ginebra,KOBLENZ. GINEBRA,False
Koblenz. Mesina,Koblenz. Mesina,KOBLENZ. MESINA,False
Koblenz. Monza,Koblenz. Monza,KOBLENZ. MONZA,False
Koblenz. Mystic,Koblenz. Mystic,KOBLENZ. MYSTIC,False
Koblenz. Napoles,Koblenz. Napoles,KOBLENZ. NAPOLES,False
Koblenz. Niza,Koblenz. Niza,KOBLENZ. NIZA,False
Koblenz. Nova,Koblenz. Nova,KOBLENZ. NOVA,False
Koblenz. Palermo,Koblenz. Palermo,KOBLENZ. PALERMO,False
Koblenz. Roma,Koblenz. Roma,KOBLENZ. ROMA,False
Koblenz. Sorrento,Koblenz. Sorrento,KOBLENZ. SORRENTO,False
Koblenz. Verona,Koblenz. Verona,KOBLENZ. VERONA,False
Koblenz. Zurich,Koblenz. Zurich,KOBLENZ. ZURICH,False
Kotex,Kotex,KOTEX,False
Kotex. Unika Cup,Kotex. Unika Cup,KOTEX. UNIKA CUP,False
Kraft. Singles,Kraft. Singles,KRAFT. SINGLES,False
L Oreal Kids,L Oreal Kids,L OREAL KIDS,False
L'oréal Paris. Imédia Excellence Creme. 4,L'oréal Paris. Imédia Excellence Creme. 4,L'OREAL PARIS. IMEDIA EXCELLENCE CREME. 4,False
L'oréal Paris. Preference. 4,L'oréal Paris. Preference. 4,L'OREAL PARIS. PREFERENCE. 4,False
L. a. Cetto,L. a. Cetto,L. A. CETTO,False
L.a. Cetto,L.a. Cetto,L.A. CETTO,False
L?oréal Paris. Preference. 4,L´oréal Paris. Preference. 4,L OREAL PARIS. PREFERENCE. 4,False
L?oréeal Paris. Imédia Excellence Creme. 4,L´oréeal Paris. Imédia Excellence Creme. 4,L OREEAL PARIS. IMEDIA EXCELLENCE CREME. 4,False
La Carreta,La Carreta,LA CARRETA,False
La Central. Cl?sicos,La Central. Clásicos,LA CENTRAL. CLASICOS,False
La Central. Clásicos,La Central. Clásicos,LA CENTRAL. CLASICOS,False
La Cocinera,La Cocinera,LA COCINERA,False
La Comer,La Comer,LA COMER,False
La Cosecha,La Cosecha,LA COSECHA,False
La Costeña,La Costeña,LA COSTENA,False
La Fina,La Fina,LA FINA,False
La Holandesa,La Holandesa,LA HOLANDESA,False
La Huerta,La Huerta,LA HUERTA,False
La Lechera. Cero,La Lechera. Cero,LA LECHERA. CERO,False
La Lechera. Original,La Lechera. Original,LA LECHERA. ORIGINAL,False
La Merced,La Merced,LA MERCED,False
La Moderna,La Moderna,LA MODERNA,False
La Morena,La Morena,LA MORENA,False
La Pasiega,La Pasiega,LA PASIEGA,False
La Perla,La Perla,LA PERLA,False
La Posada,La Posada,LA POSADA,False
La Rendidora,La Rendidora,LA RENDIDORA,False
La Romana,La Romana,LA ROMANA,False
La Sanitaria,La Sanitaria,LA SANITARIA,False
La Sierra,La Sierra,LA SIERRA,False
La Villita,La Villita,LA VILLITA,False
Lady Speed Stick,Lady Speed Stick,LADY SPEED STICK,False
Lala,Lala,LALA,False
Lala. 4 en 1,Lala. 4 en 1,LALA. 4 EN 1,False
Lan,Lan,LAN,False
Lancers,Lancers,LANCERS,False
Lancers. Rose,Lancers. Rose,LANCERS. ROSE,False
Larousse. B?sico,Larousse. Básico,LAROUSSE. BASICO,False
Larousse. B?sico Escolar,Larousse. Básico Escolar,LAROUSSE. BASICO ESCOLAR,False
Larousse. B?sico. Lengua Española,Larousse. Básico. Lengua Española,LAROUSSE. BASICO. LENGUA ESPANOLA,False
Larousse. Básico,Larousse. Básico,LAROUSSE. BASICO,False
Larousse. Básico Escolar,Larousse. Básico Escolar,LAROUSSE. BASICO ESCOLAR,False
Larousse. Básico. Lengua Española,Larousse. Básico. Lengua Española,LAROUSSE. BASICO. LENGUA ESPANOLA,False
Larousse. Enciclopedico Usual,Larousse. Enciclopedico Usual,LAROUSSE. ENCICLOPEDICO USUAL,False
Larousse. Escolar,Larousse. Escolar,LAROUSSE. ESCOLAR,False
Larousse. Escolar Educativo,Larousse. Escolar Educativo,LAROUSSE. ESCOLAR EDUCATIVO,False
Larousse. Escolar Junior,Larousse. Escolar Junior,LAROUSSE. ESCOLAR JUNIOR,False
Larousse. Escolar Plus Primaria,Larousse. Escolar Plus Primaria,LAROUSSE. ESCOLAR PLUS PRIMARIA,False
Larousse. Escolar Plus Secundaria,Larousse. Escolar Plus Secundaria,LAROUSSE. ESCOLAR PLUS SECUNDARIA,False
Larousse. Pocket,Larousse. Pocket,LAROUSSE. POCKET,False
Larousse. Práctico,Larousse. Práctico,LAROUSSE. PRACTICO,False
Larousse. School,Larousse. School,LAROUSSE. SCHOOL,False
"Larousse. Sin?nimos, Ant?nimos e Ideas Afines","Larousse. Sinónimos, Antónimos e Ideas Afines","LAROUSSE. SINONIMOS, ANTONIMOS E IDEAS AFINES",False
"Larousse. Sinónimos, Antónimos e Ideas Afines","Larousse. Sinónimos, Antónimos e Ideas Afines","LAROUSSE. SINONIMOS, ANTONIMOS E IDEAS AFINES",False
Le Roy,Le Roy,LE ROY,False
Le?n,León,LEON,False
Legal,Legal,LEGAL,False
Lego,Lego,LEGO,False
Lenovo,Lenovo,LENOVO,False
Ley,Ley,LEY,False
León,León,LEON,False
León de Tarapacá,León de Tarapacá,LEON DE TARAPACA,False
Lg,Lg,LG,False
Lg. Smart Diagnosis,Lg. Smart Diagnosis,LG. SMART DIAGNOSIS,False
Lg. Smart Inverter,Lg. Smart Inverter,LG. SMART INVERTER,False
Liconsa. Plus,Liconsa. Plus,LICONSA. PLUS,False
Lindt. Lindor,Lindt. Lindor,LINDT. LINDOR,False
Lirio,Lirio,LIRIO,False
Lirio. Neutro,Lirio. Neutro,LIRIO. NEUTRO,False
Little Tikes,Little Tikes,LITTLE TIKES,False
Livean,Livean,LIVEAN,False
Lluvia de Oro,Lluvia de Oro,LLUVIA DE ORO,False
Los Portales,Los Portales,LOS PORTALES,False
Los Portales de C?rdoba,Los Portales de Córdoba,LOS PORTALES DE CORDOBA,False
Los Portales de Córdoba,Los Portales de Córdoba,LOS PORTALES DE CORDOBA,False
Los Vascos,Los Vascos,LOS VASCOS,False
Los Volcanes,Los Volcanes,LOS VOLCANES,False
Lubriderm,Lubriderm,LUBRIDERM,False
Lys,Lys,LYS,False
Lysol,Lysol,LYSOL,False
L´oréal Paris. Preference. 4,L´oréal Paris. Preference. 4,L OREAL PARIS. PREFERENCE. 4,False
L´oréeal Paris. Imédia Excellence Creme. 4,L´oréeal Paris. Imédia Excellence Creme. 4,L OREEAL PARIS. IMEDIA EXCELLENCE CREME. 4,False
M&m's,M&m's,M&M'S,False
M&m?s,M&m´s,M&M S,False
M&m´s,M&m´s,M&M S,False
Mabe,Mabe,MABE,False
Maceite,Maceite,MACEITE,False
Madison Farms,Madison Farms,MADISON FARMS,False
Mae,Mae,MAE,False
Maestro Limpio,Maestro Limpio,MAESTRO LIMPIO,False
Maggi,Maggi,MAGGI,False
Mainstays,Mainstays,MAINSTAYS,False
Maizena,Maizena,MAIZENA,False
Makyco,Makyco,MAKYCO,False
Mam? Gallina,Mamá Gallina,MAMA GALLINA,False
Mamá Gallina,Mamá Gallina,MAMA GALLINA,False
Man,Man,MAN,False
Manila,Manila,MANILA,False
Manzanita Sol,Manzanita Sol,MANZANITA SOL,False
Maped,Maped,MAPED,False
Maped. Academic 360°,Maped. Academic 360°,MAPED. ACADEMIC 360°,False
Maped. Academic Colors,Maped. Academic Colors,MAPED. ACADEMIC COLORS,False
Maped. Barbie,Maped. Barbie,MAPED. BARBIE,False
Maped. Black?peps,Maped. Black´peps,MAPED. BLACK PEPS,False
Maped. Black´peps,Maped. Black´peps,MAPED. BLACK PEPS,False
Maped. C.b. 631109,Maped. C.b. 631109,MAPED. C.B. 631109,False
Maped. Clean,Maped. Clean,MAPED. CLEAN,False
Maped. Color? Peps,Maped. Color´ Peps,MAPED. COLOR PEPS,False
Maped. Color?peps. Duo Colors,Maped. Color´peps. Duo Colors,MAPED. COLOR PEPS. DUO COLORS,False
Maped. Color?peps. Ocean,Maped. Color´peps. Ocean,MAPED. COLOR PEPS. OCEAN,False
Maped. Color?peps. Star,Maped. Color´peps. Star,MAPED. COLOR PEPS. STAR,False
Maped. Color´ Peps,Maped. Color´ Peps,MAPED. COLOR PEPS,False
Maped. Color´ Peps Star,Maped. Color´ Peps Star,MAPED. COLOR PEPS STAR,False
Maped. Color´peps. Duo Colors,Maped. Color´peps. Duo Colors,MAPED. COLOR PEPS. DUO COLORS,False
Maped. Color´peps. My First Jumbo,Maped. Color´peps. My First Jumbo,MAPED. COLOR PEPS. MY FIRST JUMBO,False
Maped. Color´peps. Ocean,Maped. Color´peps. Ocean,MAPED. COLOR PEPS. OCEAN,False
Maped. Color´peps. Star,Maped. Color´peps. Star,MAPED. COLOR PEPS. STAR,False
Maped. Croc Croc,Maped. Croc Croc,MAPED. CROC CROC,False
Maped. Croc Croc. Multi Size,Maped. Croc Croc. Multi Size,MAPED. CROC CROC. MULTI SIZE,False
Maped. Dragón,Maped. Dragón,MAPED. DRAGON,False
Maped. Ergo,Maped. Ergo,MAPED. ERGO,False
Maped. Essentials,Maped. Essentials,MAPED. ESSENTIALS,False
Maped. Global,Maped. Global,MAPED. GLOBAL,False
Maped. Harry Potter,Maped. Harry Potter,MAPED. HARRY POTTER,False
Maped. Jungle Fever,Maped. Jungle Fever,MAPED. JUNGLE FEVER,False
Maped. Kidi Cut. Security,Maped. Kidi Cut. Security,MAPED. KIDI CUT. SECURITY,False
Maped. Kidy Learn,Maped. Kidy Learn,MAPED. KIDY LEARN,False
Maped. Kidy?grip,Maped. Kidy´grip,MAPED. KIDY GRIP,False
Maped. Kidy´grip,Maped. Kidy´grip,MAPED. KIDY GRIP,False
Maped. Little Monster,Maped. Little Monster,MAPED. LITTLE MONSTER,False
Maped. Metal,Maped. Metal,MAPED. METAL,False
Maped. Miga Soft,Maped. Miga Soft,MAPED. MIGA SOFT,False
Maped. Mini Softy,Maped. Mini Softy,MAPED. MINI SOFTY,False
Maped. Mini Technic,Maped. Mini Technic,MAPED. MINI TECHNIC,False
Maped. Ne?n,Maped. Neón,MAPED. NEON,False
Maped. Neón,Maped. Neón,MAPED. NEON,False
Maped. Office,Maped. Office,MAPED. OFFICE,False
Maped. Pixel Party,Maped. Pixel Party,MAPED. PIXEL PARTY,False
Maped. Precision System,Maped. Precision System,MAPED. PRECISION SYSTEM,False
Maped. Precisión System,Maped. Precisión System,MAPED. PRECISION SYSTEM,False
Maped. Refill,Maped. Refill,MAPED. REFILL,False
Maped. Sensoft 3d,Maped. Sensoft 3d,MAPED. SENSOFT 3D,False
Maped. Softy,Maped. Softy,MAPED. SOFTY,False
Maped. Sp9260331,Maped. Sp9260331,MAPED. SP9260331,False
Maped. Stop System Innovation,Maped. Stop System Innovation,MAPED. STOP SYSTEM INNOVATION,False
Maped. Tatoo,Maped. Tatoo,MAPED. TATOO,False
Maped. Technic Compact,Maped. Technic Compact,MAPED. TECHNIC COMPACT,False
Maped. Technic Metal,Maped. Technic Metal,MAPED. TECHNIC METAL,False
Maped. Technic Ultra,Maped. Technic Ultra,MAPED. TECHNIC ULTRA,False
Maped. Tur-boo,Maped. Tur-boo,MAPED. TUR-BOO,False
Maped. Twist?n Flex. The Original,Maped. Twist´n Flex. The Original,MAPED. TWIST N FLEX. THE ORIGINAL,False
Maped. Twist´n Flex. The Original,Maped. Twist´n Flex. The Original,MAPED. TWIST N FLEX. THE ORIGINAL,False
Maped. Tyns,Maped. Tyns,MAPED. TYNS,False
Maped. Zenoa,Maped. Zenoa,MAPED. ZENOA,False
Maped. el Original,Maped. el Original,MAPED. EL ORIGINAL,False
Maped. el Original Irrompible. Pocket,Maped. el Original Irrompible. Pocket,MAPED. EL ORIGINAL IRROMPIBLE. POCKET,False
Maped. el Original Irrompible. Stop System Metal,Maped. el Original Irrompible. Stop System Metal,MAPED. EL ORIGINAL IRROMPIBLE. STOP SYSTEM METAL,False
Maped. el Original Irrompible. Technic Metal,Maped. el Original Irrompible. Technic Metal,MAPED. EL ORIGINAL IRROMPIBLE. TECHNIC METAL,False
Maped. el Original. Irrompible,Maped. el Original. Irrompible,MAPED. EL ORIGINAL. IRROMPIBLE,False
Maped. el Original. Irrompible Fluo,Maped. el Original. Irrompible Fluo,MAPED. EL ORIGINAL. IRROMPIBLE FLUO,False
Maped. el Original. Irrompible. Pocket,Maped. el Original. Irrompible. Pocket,MAPED. EL ORIGINAL. IRROMPIBLE. POCKET,False
Maped. el Original. Irrompible. Stop System Metal,Maped. el Original. Irrompible. Stop System Metal,MAPED. EL ORIGINAL. IRROMPIBLE. STOP SYSTEM METAL,False
Maped. el Original. Irrompible. Technic Metal,Maped. el Original. Irrompible. Technic Metal,MAPED. EL ORIGINAL. IRROMPIBLE. TECHNIC METAL,False
Maravilla,Maravilla,MARAVILLA,False
Marca Propia,Marca Propia,MARCA PROPIA,False
Marina Azul,Marina Azul,MARINA AZUL,False
Marinela,Marinela,MARINELA,False
Marinero,Marinero,MARINERO,False
Marketside,Marketside,MARKETSIDE,False
Marli,Marli,MARLI,False
Marques de Arienzo,Marques de Arienzo,MARQUES DE ARIENZO,False
Marques de Caceres,Marques de Caceres,MARQUES DE CACERES,False
Marques de Valparaiso,Marques de Valparaiso,MARQUES DE VALPARAISO,False
Martuna,Martuna,MARTUNA,False
Maruchan,Maruchan,MARUCHAN,False
Mas Color,Mas Color,MAS COLOR,False
Mas Oscura,Mas Oscura,MAS OSCURA,False
Mas. Delicada,Mas. Delicada,MAS. DELICADA,False
Maseca,Maseca,MASECA,False
Mattel,Mattel,MATTEL,False
Mattel Games,Mattel Games,MATTEL GAMES,False
Mattel. Brick Shop,Mattel. Brick Shop,MATTEL. BRICK SHOP,False
Mattel/games,Mattel/games,MATTEL/GAMES,False
Max Select,Max Select,MAX SELECT,False
Max Select. Premium,Max Select. Premium,MAX SELECT. PREMIUM,False
Max Ten,Max Ten,MAX TEN,False
Maytag,Maytag,MAYTAG,False
Mazat?n,Mazat?n,MAZAT?N,False
Mazatán,Mazatán,MAZATAN,False
Mazatún,Mazatún,MAZATUN,False
Mazola,Mazola,MAZOLA,False
Mc Cormick,Mc Cormick,MC CORMICK,False
Mc Cormick. Light,Mc Cormick. Light,MC CORMICK. LIGHT,False
Medimart,Medimart,MEDIMART,False
Mega,Mega,MEGA,False
Mega Bloks,Mega Bloks,MEGA BLOKS,False
Mena,Mena,MENA,False
Mennen,Mennen,MENNEN,False
Mennen. Protecci?n y Suavidad,Mennen. Protección y Suavidad,MENNEN. PROTECCION Y SUAVIDAD,False
Mennen. Protección y Suavidad,Mennen. Protección y Suavidad,MENNEN. PROTECCION Y SUAVIDAD,False
Mexicano,Mexicano,MEXICANO,False
Mexsana,Mexsana,MEXSANA,False
Mga,Mga,MGA,False
Mga Entertainment,Mga Entertainment,MGA ENTERTAINMENT,False
Mge Entertainment,Mge Entertainment,MGE ENTERTAINMENT,False
Mi Alegria,Mi Alegria,MI ALEGRIA,False
Mi Alegría,Mi Alegría,MI ALEGRIA,False
Mi Marca,Mi Marca,MI MARCA,False
Mi Tienda del Ahorro,Mi Tienda del Ahorro,MI TIENDA DEL AHORRO,False
Michelob Ultra,Michelob Ultra,MICHELOB ULTRA,False
Microdyn,Microdyn,MICRODYN,False
Microlet,Microlet,MICROLET,False
Microlife,Microlife,MICROLIFE,False
Microsoft,Microsoft,MICROSOFT,False
Midea,Midea,MIDEA,False
Milpa Real,Milpa Real,MILPA REAL,False
Mimarca,Mimarca,MIMARCA,False
Minsa,Minsa,MINSA,False
Mirage,Mirage,MIRAGE,False
Mirinda,Mirinda,MIRINDA,False
Mission,Mission,MISSION,False
Modelo Especial,Modelo Especial,MODELO ESPECIAL,False
Moldy Shoes,Moldy Shoes,MOLDY SHOES,False
Molina,Molina,MOLINA,False
Molinera,Molinera,MOLINERA,False
Monarca,Monarca,MONARCA,False
Montañesa,Montañesa,MONTANESA,False
Monte Haro. Paternina,Monte Haro. Paternina,MONTE HARO. PATERNINA,False
Monte Xanic,Monte Xanic,MONTE XANIC,False
Moose,Moose,MOOSE,False
More Value,More Value,MORE VALUE,False
Morelia. Presidencial,Morelia. Presidencial,MORELIA. PRESIDENCIAL,False
Motorola,Motorola,MOTOROLA,False
Multibran. Quaker,Multibran. Quaker,MULTIBRAN. QUAKER,False
Mutualidad,Mutualidad,MUTUALIDAD,False
Mybrand,Mybrand,MYBRAND,False
Nabisco,Nabisco,NABISCO,False
Nair,Nair,NAIR,False
Nan 1,Nan 1,NAN 1,False
Nan 1. Optimal Pro,Nan 1. Optimal Pro,NAN 1. OPTIMAL PRO,False
Nan 2,Nan 2,NAN 2,False
Nan 2. Optimal Pro,Nan 2. Optimal Pro,NAN 2. OPTIMAL PRO,False
Naturella,Naturella,NATURELLA,False
Nature´s Heart,Nature´s Heart,NATURE S HEART,False
Navia,Navia,NAVIA,False
Navitek,Navitek,NAVITEK,False
Nebucor,Nebucor,NEBUCOR,False
Negra Modelo,Negra Modelo,NEGRA MODELO,False
Nescafé. Cl?sico,Nescafé. Clásico,NESCAFE. CLASICO,False
Nescafé. Clásico,Nescafé. Clásico,NESCAFE. CLASICO,False
Nescafé. Decaf,Nescafé. Decaf,NESCAFE. DECAF,False
Nescafé. Dolca,Nescafé. Dolca,NESCAFE. DOLCA,False
Nesquik,Nesquik,NESQUIK,False
Nesquik. Nestlé,Nesquik. Nestlé,NESQUIK. NESTLE,False
Nestlé,Nestlé,NESTLE,False
Nestlé. Pureza Vital,Nestlé. Pureza Vital,NESTLE. PUREZA VITAL,False
Nido. Entera. Forticrece,Nido. Entera. Forticrece,NIDO. ENTERA. FORTICRECE,False
Nido. Kinder,Nido. Kinder,NIDO. KINDER,False
Nintendo,Nintendo,NINTENDO,False
Nissin,Nissin,NISSIN,False
Nivea,Nivea,NIVEA,False
Nivea Men,Nivea Men,NIVEA MEN,False
Nivea Sun,Nivea Sun,NIVEA SUN,False
Nivea Sun. Babies & Kids,Nivea Sun. Babies & Kids,NIVEA SUN. BABIES & KIDS,False
Nivea Sun. Kids. Swim & Play,Nivea Sun. Kids. Swim & Play,NIVEA SUN. KIDS. SWIM & PLAY,False
Noche Buena,Noche Buena,NOCHE BUENA,False
Nodrim,Nodrim,NODRIM,False
Nordland,Nordland,NORDLAND,False
Norma,Norma,NORMA,False
Norma. (C.b. 808140),Norma. (C.b. 808140),NORMA. (C.B. 808140),False
Norma. (C.b. 808157),Norma. (C.b. 808157),NORMA. (C.B. 808157),False
Norma. (c.b. 808157),Norma. (c.b. 808157),NORMA. (C.B. 808157),False
Norma. By Jean Book,Norma. By Jean Book,NORMA. BY JEAN BOOK,False
Norma. Click. Girls,Norma. Click. Girls,NORMA. CLICK. GIRLS,False
Norma. Click. Urbano,Norma. Click. Urbano,NORMA. CLICK. URBANO,False
Norma. Color,Norma. Color,NORMA. COLOR,False
Norma. Dogs,Norma. Dogs,NORMA. DOGS,False
Norma. Eco Planet,Norma. Eco Planet,NORMA. ECO PLANET,False
Norma. Ferrari,Norma. Ferrari,NORMA. FERRARI,False
Norma. Girly Notes,Norma. Girly Notes,NORMA. GIRLY NOTES,False
Norma. Hello Kitty,Norma. Hello Kitty,NORMA. HELLO KITTY,False
Norma. Intensamente 2,Norma. Intensamente 2,NORMA. INTENSAMENTE 2,False
Norma. Jean Book,Norma. Jean Book,NORMA. JEAN BOOK,False
Norma. Kiut,Norma. Kiut,NORMA. KIUT,False
Norma. Kuromi,Norma. Kuromi,NORMA. KUROMI,False
Norma. L?nea Premium,Norma. Línea Premium,NORMA. LINEA PREMIUM,False
Norma. Línea Premium,Norma. Línea Premium,NORMA. LINEA PREMIUM,False
Norma. Master Degree,Norma. Master Degree,NORMA. MASTER DEGREE,False
Norma. Mis Primeros Colores,Norma. Mis Primeros Colores,NORMA. MIS PRIMEROS COLORES,False
Norma. Mis Primeros Lapices,Norma. Mis Primeros Lapices,NORMA. MIS PRIMEROS LAPICES,False
Norma. Oops 404 Error,Norma. Oops 404 Error,NORMA. OOPS 404 ERROR,False
Norma. Pokémon,Norma. Pokémon,NORMA. POKEMON,False
Norma. Runway,Norma. Runway,NORMA. RUNWAY,False
Norma. Shippuden,Norma. Shippuden,NORMA. SHIPPUDEN,False
Norma. Star Wars. Mandalorian,Norma. Star Wars. Mandalorian,NORMA. STAR WARS. MANDALORIAN,False
Norma. Street Racer,Norma. Street Racer,NORMA. STREET RACER,False
Norma. The Simpsons,Norma. The Simpsons,NORMA. THE SIMPSONS,False
Norma. Tie Dye. By X-presarte,Norma. Tie Dye. By X-presarte,NORMA. TIE DYE. BY X-PRESARTE,False
Norma. Uno,Norma. Uno,NORMA. UNO,False
Norma. X-presarte,Norma. X-presarte,NORMA. X-PRESARTE,False
Norma. las Guerreras K-pop,Norma. las Guerreras K-pop,NORMA. LAS GUERRERAS K-POP,False
Norteñita,Norteñita,NORTENITA,False
Norteño,Norteño,NORTENO,False
Novelty,Novelty,NOVELTY,False
Nutella,Nutella,NUTELLA,False
Nutri,Nutri,NUTRI,False
Nutrioli,Nutrioli,NUTRIOLI,False
Nutripavo,Nutripavo,NUTRIPAVO,False
Nutrypollo,Nutrypollo,NUTRYPOLLO,False
Obao,Obao,OBAO,False
Obao. Active,Obao. Active,OBAO. ACTIVE,False
Office Depot,Office Depot,OFFICE DEPOT,False
Office Max,Office Max,OFFICE MAX,False
Oikos,Oikos,OIKOS,False
Ojai,Ojai,OJAI,False
Okko. Super Foods,Okko. Super Foods,OKKO. SUPER FOODS,False
Old Spice,Old Spice,OLD SPICE,False
Oleico,Oleico,OLEICO,False
Oli. de Nutrioli,Oli. de Nutrioli,OLI. DE NUTRIOLI,False
Olé,Olé,OLE,False
Omron,Omron,OMRON,False
Onetouch. Select Plus,Onetouch. Select Plus,ONETOUCH. SELECT PLUS,False
Onetouch. Select Plus Flex,Onetouch. Select Plus Flex,ONETOUCH. SELECT PLUS FLEX,False
Onetouch. Ultra,Onetouch. Ultra,ONETOUCH. ULTRA,False
Onetouch. Ultra Soft,Onetouch. Ultra Soft,ONETOUCH. ULTRA SOFT,False
Opal Glass Corinthio Hs,Opal Glass Corinthio Hs,OPAL GLASS CORINTHIO HS,False
Oppo,Oppo,OPPO,False
Oral-b. Complete,Oral-b. Complete,ORAL-B. COMPLETE,False
Oral-b. Indicator,Oral-b. Indicator,ORAL-B. INDICATOR,False
Oral-b. Indicator. Medio 40,Oral-b. Indicator. Medio 40,ORAL-B. INDICATOR. MEDIO 40,False
Oral-b. Indicator. Suave 40,Oral-b. Indicator. Suave 40,ORAL-B. INDICATOR. SUAVE 40,False
Orange Crush,Orange Crush,ORANGE CRUSH,False
Oroweat. Granos Enteros,Oroweat. Granos Enteros,OROWEAT. GRANOS ENTEROS,False
Osram. Dulux el Micro Twist,Osram. Dulux el Micro Twist,OSRAM. DULUX EL MICRO TWIST,False
Osram. Dulux el Twist,Osram. Dulux el Twist,OSRAM. DULUX EL TWIST,False
Oster,Oster,OSTER,False
Oster. Classic,Oster. Classic,OSTER. CLASSIC,False
Oster. Professional Series,Oster. Professional Series,OSTER. PROFESSIONAL SERIES,False
Oster. Xpert,Oster. Xpert,OSTER. XPERT,False
Ovarb,Ovarb,OVARB,False
Ovarb-lolita,Ovarb-lolita,OVARB-LOLITA,False
Pac?fico,Pacífico,PACIFICO,False
Paco,Paco,PACO,False
Pacífico,Pacífico,PACIFICO,False
Paisa,Paisa,PAISA,False
Palmolive,Palmolive,PALMOLIVE,False
Palmolive Optims,Palmolive Optims,PALMOLIVE OPTIMS,False
Palmolive. Naturals,Palmolive. Naturals,PALMOLIVE. NATURALS,False
Palmolive. Neutro Balance,Palmolive. Neutro Balance,PALMOLIVE. NEUTRO BALANCE,False
Pam,Pam,PAM,False
Panam,Panam,PANAM,False
Panasonic,Panasonic,PANASONIC,False
Pantene,Pantene,PANTENE,False
Paper Mate,Paper Mate,PAPER MATE,False
Paper Mate. Clear Point,Paper Mate. Clear Point,PAPER MATE. CLEAR POINT,False
Paper Mate. Eraser-mate,Paper Mate. Eraser-mate,PAPER MATE. ERASER-MATE,False
Paper Mate. Fantasy,Paper Mate. Fantasy,PAPER MATE. FANTASY,False
Paper Mate. Kilométrico,Paper Mate. Kilométrico,PAPER MATE. KILOMETRICO,False
Paper Mate. Mirado,Paper Mate. Mirado,PAPER MATE. MIRADO,False
Paper Mate. Mirado. Colors,Paper Mate. Mirado. Colors,PAPER MATE. MIRADO. COLORS,False
Paper Mate. Mirado. Design,Paper Mate. Mirado. Design,PAPER MATE. MIRADO. DESIGN,False
Paper Mate. Mirado. Kids,Paper Mate. Mirado. Kids,PAPER MATE. MIRADO. KIDS,False
Paper Mate. Mirado. Mates,Paper Mate. Mirado. Mates,PAPER MATE. MIRADO. MATES,False
Paper Mate. Sharp Writer,Paper Mate. Sharp Writer,PAPER MATE. SHARP WRITER,False
Paper Mate. Verithin,Paper Mate. Verithin,PAPER MATE. VERITHIN,False
Paper Mate. White Pearl,Paper Mate. White Pearl,PAPER MATE. WHITE PEARL,False
Paper Mate. Write Bros,Paper Mate. Write Bros,PAPER MATE. WRITE BROS,False
Papermate. Gel,Papermate. Gel,PAPERMATE. GEL,False
Parma. Campestre,Parma. Campestre,PARMA. CAMPESTRE,False
Parma. Sabori,Parma. Sabori,PARMA. SABORI,False
Parson,Parson,PARSON,False
Pasa,Pasa,PASA,False
Pasta Perfetta,Pasta Perfetta,PASTA PERFETTA,False
Patsa,Patsa,PATSA,False
Pavo Rey,Pavo Rey,PAVO REY,False
Pearl Milling Company,Pearl Milling Company,PEARL MILLING COMPANY,False
Pedialyte,Pedialyte,PEDIALYTE,False
Pegaso. 502,Pegaso. 502,PEGASO. 502,False
Pelikan,Pelikan,PELIKAN,False
Pelikan Pelicrayones,Pelikan Pelicrayones,PELIKAN PELICRAYONES,False
Pelikan. Flexible,Pelikan. Flexible,PELIKAN. FLEXIBLE,False
Pelikan. M8,Pelikan. M8,PELIKAN. M8,False
Pelikan. Pastel,Pelikan. Pastel,PELIKAN. PASTEL,False
Pelikan. Pelicrayones,Pelikan. Pelicrayones,PELIKAN. PELICRAYONES,False
Pelikan. Squeezy Sports,Pelikan. Squeezy Sports,PELIKAN. SQUEEZY SPORTS,False
Pentel. Techniclick,Pentel. Techniclick,PENTEL. TECHNICLICK,False
Pentel. Wow!,Pentel. Wow!,PENTEL. WOW!,False
Pepsi,Pepsi,PEPSI,False
Pepsi. Light,Pepsi. Light,PEPSI. LIGHT,False
Perfetta,Perfetta,PERFETTA,False
Perma Sharp Ii,Perma Sharp Ii,PERMA SHARP II,False
Persil,Persil,PERSIL,False
Pert,Pert,PERT,False
Petalo,Petalo,PETALO,False
Peña Blanca,Peña Blanca,PENA BLANCA,False
Peñafiel,Peñafiel,PENAFIEL,False
Peñaranda,Peñaranda,PENARANDA,False
Philadelphia,Philadelphia,PHILADELPHIA,False
Philips. Ecohome,Philips. Ecohome,PHILIPS. ECOHOME,False
Pilgrim`s,Pilgrim`s,PILGRIM`S,False
Pilgrims,Pilgrims,PILGRIMS,False
Pilot. Fifaflex,Pilot. Fifaflex,PILOT. FIFAFLEX,False
Pilot. The Shaker,Pilot. The Shaker,PILOT. THE SHAKER,False
Piloto. Fifaflex,Piloto. Fifaflex,PILOTO. FIFAFLEX,False
Pinol. el Original,Pinol. el Original,PINOL. EL ORIGINAL,False
Pionera,Pionera,PIONERA,False
Pirma,Pirma,PIRMA,False
Playmates Toys,Playmates Toys,PLAYMATES TOYS,False
Playmobil,Playmobil,PLAYMOBIL,False
Poett,Poett,POETT,False
Poma Rosa,Poma Rosa,POMA ROSA,False
Pond's. Clarant B3,Pond's. Clarant B3,POND'S. CLARANT B3,False
Pond's. Rejuveness,Pond's. Rejuveness,POND'S. REJUVENESS,False
Pond's. S,Pond's. S,POND'S. S,False
Pond?s. Clarant B3,Pond´s. Clarant B3,POND S. CLARANT B3,False
Pond?s. Rejuveness,Pond´s. Rejuveness,POND S. REJUVENESS,False
Pond?s. S,Pond´s. S,POND S. S,False
Pond´s. Clarant B3,Pond´s. Clarant B3,POND S. CLARANT B3,False
Pond´s. Rejuveness,Pond´s. Rejuveness,POND S. REJUVENESS,False
Pond´s. S,Pond´s. S,POND S. S,False
Popular,Popular,POPULAR,False
Portola,Portola,PORTOLA,False
Power Wheels/fisher-price,Power Wheels/fisher-price,POWER WHEELS/FISHER-PRICE,False
Powerade,Powerade,POWERADE,False
Pradel,Pradel,PRADEL,False
Prec?ssimo,Precíssimo,PRECISSIMO,False
Prec?ssimo. Eco,Precíssimo. Eco,PRECISSIMO. ECO,False
Precíssimo,Precíssimo,PRECISSIMO,False
Precíssimo. Eco,Precíssimo. Eco,PRECISSIMO. ECO,False
Presto. Premier,Presto. Premier,PRESTO. PREMIER,False
Primavera Chantilly,Primavera Chantilly,PRIMAVERA CHANTILLY,False
Primavera Light,Primavera Light,PRIMAVERA LIGHT,False
Primor,Primor,PRIMOR,False
Princesa,Princesa,PRINCESA,False
Prinsel,Prinsel,PRINSEL,False
Prismacolor Junior,Prismacolor Junior,PRISMACOLOR JUNIOR,False
Prismacolor. Junior,Prismacolor. Junior,PRISMACOLOR. JUNIOR,False
Pritt. Original (Rojo),Pritt. Original (Rojo),PRITT. ORIGINAL (ROJO),False
Pritt. Original (rojo),Pritt. Original (rojo),PRITT. ORIGINAL (ROJO),False
Pritt.original (Rojo),Pritt.original (Rojo),PRITT.ORIGINAL (ROJO),False
Pritt.original (rojo),Pritt.original (rojo),PRITT.ORIGINAL (ROJO),False
Pro,Pro,PRO,False
Proan,Proan,PROAN,False
Progreso,Progreso,PROGRESO,False
Pronto,Pronto,PRONTO,False
Pronto Ligeros,Pronto Ligeros,PRONTO LIGEROS,False
Protec,Protec,PROTEC,False
Protect,Protect,PROTECT,False
Provincia de Cádiz,Provincia de Cádiz,PROVINCIA DE CADIZ,False
Pure Hs,Pure Hs,PURE HS,False
Pétalo,Pétalo,PETALO,False
Pétalo. Decorada,Pétalo. Decorada,PETALO. DECORADA,False
Pétalo. Maxi Resist,Pétalo. Maxi Resist,PETALO. MAXI RESIST,False
Pétalo. Multicorte,Pétalo. Multicorte,PETALO. MULTICORTE,False
Pétalo. Pr?ctica,Pétalo. Práctica,PETALO. PRACTICA,False
Pétalo. Práctica,Pétalo. Práctica,PETALO. PRACTICA,False
Pétalo. Rendimax,Pétalo. Rendimax,PETALO. RENDIMAX,False
Quaker,Quaker,QUAKER,False
Quaker Oats,Quaker Oats,QUAKER OATS,False
Quality Day,Quality Day,QUALITY DAY,False
Querubin Gel,Querubin Gel,QUERUBIN GEL,False
Raffaello,Raffaello,RAFFAELLO,False
Raid. Casa y Jardin,Raid. Casa y Jardin,RAID. CASA Y JARDIN,False
Raid. Max,Raid. Max,RAID. MAX,False
Rancho Grande,Rancho Grande,RANCHO GRANDE,False
Red Cola,Red Cola,RED COLA,False
Regio. Advanced,Regio. Advanced,REGIO. ADVANCED,False
Regio. Aires de Frescura,Regio. Aires de Frescura,REGIO. AIRES DE FRESCURA,False
Regio. Aires de Lavanda,Regio. Aires de Lavanda,REGIO. AIRES DE LAVANDA,False
Regio. Hogar,Regio. Hogar,REGIO. HOGAR,False
Regio. Luxury,Regio. Luxury,REGIO. LUXURY,False
Resistol 850,Resistol 850,RESISTOL 850,False
Resistol la 101,Resistol la 101,RESISTOL LA 101,False
Rexal,Rexal,REXAL,False
Rexona,Rexona,REXONA,False
Rexona. Efficient,Rexona. Efficient,REXONA. EFFICIENT,False
Riko Pollo,Riko Pollo,RIKO POLLO,False
Rinde Hogar,Rinde Hogar,RINDE HOGAR,False
Riunite. Lambrusco,Riunite. Lambrusco,RIUNITE. LAMBRUSCO,False
Rogelio Bueno,Rogelio Bueno,ROGELIO BUENO,False
Roku,Roku,ROKU,False
Roma,Roma,ROMA,False
Ros,Ros,ROS,False
Rosa Venus,Rosa Venus,ROSA VENUS,False
Royal,Royal,ROYAL,False
Ruffino Chianti,Ruffino Chianti,RUFFINO CHIANTI,False
Ruz,Ruz,RUZ,False
S.o.s,S.o.s,S.O.S,False
S/M,S/M,SIN MARCA,True
S/m,S/m,SIN MARCA,True
Saba,Saba,SABA,False
Saba V-cup,Saba V-cup,SABA V-CUP,False
Sabritas,Sabritas,SABRITAS,False
Sabro,Sabro,SABRO,False
Sabrosano,Sabrosano,SABROSANO,False
Sahuayo,Sahuayo,SAHUAYO,False
Sal Sol,Sal Sol,SAL SOL,False
Saladino,Saladino,SALADINO,False
Salvo,Salvo,SALVO,False
Samsung,Samsung,SAMSUNG,False
San Antonio,San Antonio,SAN ANTONIO,False
San Antonio. Tres Estrellas,San Antonio. Tres Estrellas,SAN ANTONIO. TRES ESTRELLAS,False
San Blas,San Blas,SAN BLAS,False
San Diego,San Diego,SAN DIEGO,False
San Jose,San Jose,SAN JOSE,False
San Juan,San Juan,SAN JUAN,False
San L?zaro,San Lázaro,SAN LAZARO,False
San Lázaro,San Lázaro,SAN LAZARO,False
San Marcos,San Marcos,SAN MARCOS,False
San Miguel,San Miguel,SAN MIGUEL,False
San Rafael,San Rafael,SAN RAFAEL,False
San Rafael. Real,San Rafael. Real,SAN RAFAEL. REAL,False
San?ssimo,Saníssimo,SANISSIMO,False
Sangr?a Señorial,Sangría Señorial,SANGRIA SENORIAL,False
Sangre de Cristo. Ferriño,Sangre de Cristo. Ferriño,SANGRE DE CRISTO. FERRINO,False
Sangre de Toro,Sangre de Toro,SANGRE DE TORO,False
Sangría Señorial,Sangría Señorial,SANGRIA SENORIAL,False
Santa Ana,Santa Ana,SANTA ANA,False
Santa Anita,Santa Anita,SANTA ANITA,False
Santa Clara,Santa Clara,SANTA CLARA,False
Santa Helena,Santa Helena,SANTA HELENA,False
Santa Isabel,Santa Isabel,SANTA ISABEL,False
Santa Maria,Santa Maria,SANTA MARIA,False
Santa Rita. 120,Santa Rita. 120,SANTA RITA. 120,False
Santo Tomas,Santo Tomas,SANTO TOMAS,False
Saníssimo,Saníssimo,SANISSIMO,False
Sarita,Sarita,SARITA,False
Savilé,Savilé,SAVILE,False
Sayes,Sayes,SAYES,False
Scalextric,Scalextric,SCALEXTRIC,False
Schettino,Schettino,SCHETTINO,False
Scotch 3m,Scotch 3m,SCOTCH 3M,False
Scotch 3m. 550,Scotch 3m. 550,SCOTCH 3M. 550,False
Scotch Brite. 3m,Scotch Brite. 3m,SCOTCH BRITE. 3M,False
Scotch. Magic,Scotch. Magic,SCOTCH. MAGIC,False
Scribe,Scribe,SCRIBE,False
Scribe Kid's,Scribe Kid's,SCRIBE KID'S,False
Scribe. 1703,Scribe. 1703,SCRIBE. 1703,False
Scribe. 1752,Scribe. 1752,SCRIBE. 1752,False
Scribe. 1753,Scribe. 1753,SCRIBE. 1753,False
Scribe. 1952,Scribe. 1952,SCRIBE. 1952,False
Scribe. 1953,Scribe. 1953,SCRIBE. 1953,False
Scribe. Cl?sico 1523 (colegial),Scribe. Clásico 1523 (Colegial),SCRIBE. CLASICO 1523 (COLEGIAL),False
Scribe. Cl?sico. 1503,Scribe. Clásico. 1503,SCRIBE. CLASICO. 1503,False
Scribe. Cl?sico. 1603,Scribe. Clásico. 1603,SCRIBE. CLASICO. 1603,False
Scribe. Cl?sico. 2901,Scribe. Clásico. 2901,SCRIBE. CLASICO. 2901,False
Scribe. Cl?sico. 2903,Scribe. Clásico. 2903,SCRIBE. CLASICO. 2903,False
Scribe. Cl?sico. 4503,Scribe. Clásico. 4503,SCRIBE. CLASICO. 4503,False
Scribe. Cl?sico. 4513,Scribe. Clásico. 4513,SCRIBE. CLASICO. 4513,False
Scribe. Cl?sico. 4523,Scribe. Clásico. 4523,SCRIBE. CLASICO. 4523,False
Scribe. Cl?sico. 4701,Scribe. Clásico. 4701,SCRIBE. CLASICO. 4701,False
Scribe. Cl?sico. 4703,Scribe. Clásico. 4703,SCRIBE. CLASICO. 4703,False
Scribe. Clase Ecologico,Scribe. Clase Ecologico,SCRIBE. CLASE ECOLOGICO,False
Scribe. Clasicos Disney. 7493,Scribe. Clasicos Disney. 7493,SCRIBE. CLASICOS DISNEY. 7493,False
Scribe. Clásico 1522 (Colegial),Scribe. Clásico 1522 (Colegial),SCRIBE. CLASICO 1522 (COLEGIAL),False
Scribe. Clásico 1523 (Colegial),Scribe. Clásico 1523 (Colegial),SCRIBE. CLASICO 1523 (COLEGIAL),False
Scribe. Clásico 1523 (colegial),Scribe. Clásico 1523 (colegial),SCRIBE. CLASICO 1523 (COLEGIAL),False
Scribe. Clásico. 1502,Scribe. Clásico. 1502,SCRIBE. CLASICO. 1502,False
Scribe. Clásico. 1503,Scribe. Clásico. 1503,SCRIBE. CLASICO. 1503,False
Scribe. Clásico. 1602,Scribe. Clásico. 1602,SCRIBE. CLASICO. 1602,False
Scribe. Clásico. 1603,Scribe. Clásico. 1603,SCRIBE. CLASICO. 1603,False
Scribe. Clásico. 2901,Scribe. Clásico. 2901,SCRIBE. CLASICO. 2901,False
Scribe. Clásico. 2902,Scribe. Clásico. 2902,SCRIBE. CLASICO. 2902,False
Scribe. Clásico. 2903,Scribe. Clásico. 2903,SCRIBE. CLASICO. 2903,False
Scribe. Clásico. 4503,Scribe. Clásico. 4503,SCRIBE. CLASICO. 4503,False
Scribe. Clásico. 4513,Scribe. Clásico. 4513,SCRIBE. CLASICO. 4513,False
Scribe. Clásico. 4523,Scribe. Clásico. 4523,SCRIBE. CLASICO. 4523,False
Scribe. Clásico. 4701,Scribe. Clásico. 4701,SCRIBE. CLASICO. 4701,False
Scribe. Clásico. 4702,Scribe. Clásico. 4702,SCRIBE. CLASICO. 4702,False
Scribe. Clásico. 4703,Scribe. Clásico. 4703,SCRIBE. CLASICO. 4703,False
Scribe. Cover,Scribe. Cover,SCRIBE. COVER,False
Scribe. Cover. 0683,Scribe. Cover. 0683,SCRIBE. COVER. 0683,False
Scribe. Duplicador,Scribe. Duplicador,SCRIBE. DUPLICADOR,False
Scribe. Ecologico. 3803,Scribe. Ecologico. 3803,SCRIBE. ECOLOGICO. 3803,False
Scribe. Ecológico. 2233,Scribe. Ecológico. 2233,SCRIBE. ECOLOGICO. 2233,False
Scribe. Elemental-d,Scribe. Elemental-d,SCRIBE. ELEMENTAL-D,False
Scribe. Elemental-d. 8473,Scribe. Elemental-d. 8473,SCRIBE. ELEMENTAL-D. 8473,False
Scribe. Elemental. 8793,Scribe. Elemental. 8793,SCRIBE. ELEMENTAL. 8793,False
Scribe. Emoji. 7223,Scribe. Emoji. 7223,SCRIBE. EMOJI. 7223,False
Scribe. Escolar Plus. 7972,Scribe. Escolar Plus. 7972,SCRIBE. ESCOLAR PLUS. 7972,False
Scribe. Escolar Plus. 7973,Scribe. Escolar Plus. 7973,SCRIBE. ESCOLAR PLUS. 7973,False
Scribe. Escolar. 4551,Scribe. Escolar. 4551,SCRIBE. ESCOLAR. 4551,False
Scribe. Escolar. 4553,Scribe. Escolar. 4553,SCRIBE. ESCOLAR. 4553,False
Scribe. Escolar. 6131,Scribe. Escolar. 6131,SCRIBE. ESCOLAR. 6131,False
Scribe. Escolar. 6133,Scribe. Escolar. 6133,SCRIBE. ESCOLAR. 6133,False
Scribe. Escolar. 6231,Scribe. Escolar. 6231,SCRIBE. ESCOLAR. 6231,False
Scribe. Escolar. 6233,Scribe. Escolar. 6233,SCRIBE. ESCOLAR. 6233,False
Scribe. Fotobond,Scribe. Fotobond,SCRIBE. FOTOBOND,False
Scribe. Gammers. 4443,Scribe. Gammers. 4443,SCRIBE. GAMMERS. 4443,False
Scribe. Inblack. 2273,Scribe. Inblack. 2273,SCRIBE. INBLACK. 2273,False
Scribe. Inblack. 9263,Scribe. Inblack. 9263,SCRIBE. INBLACK. 9263,False
Scribe. Incolors. 1073,Scribe. Incolors. 1073,SCRIBE. INCOLORS. 1073,False
Scribe. Incolors. 8773,Scribe. Incolors. 8773,SCRIBE. INCOLORS. 8773,False
Scribe. Kids,Scribe. Kids,SCRIBE. KIDS,False
Scribe. Kids. 2123,Scribe. Kids. 2123,SCRIBE. KIDS. 2123,False
Scribe. Kids. 2243,Scribe. Kids. 2243,SCRIBE. KIDS. 2243,False
Scribe. Kids. 2323,Scribe. Kids. 2323,SCRIBE. KIDS. 2323,False
Scribe. Kids. 2343,Scribe. Kids. 2343,SCRIBE. KIDS. 2343,False
Scribe. Kids. 2443,Scribe. Kids. 2443,SCRIBE. KIDS. 2443,False
Scribe. Lettering. 8263,Scribe. Lettering. 8263,SCRIBE. LETTERING. 8263,False
Scribe. Mega Plus. 4532,Scribe. Mega Plus. 4532,SCRIBE. MEGA PLUS. 4532,False
Scribe. Mega Plus. 4533,Scribe. Mega Plus. 4533,SCRIBE. MEGA PLUS. 4533,False
Scribe. Mega Plus. 4542,Scribe. Mega Plus. 4542,SCRIBE. MEGA PLUS. 4542,False
Scribe. Mega Plus. 4543,Scribe. Mega Plus. 4543,SCRIBE. MEGA PLUS. 4543,False
Scribe. Mega Plus. 7511,Scribe. Mega Plus. 7511,SCRIBE. MEGA PLUS. 7511,False
Scribe. Mega Plus. 7512,Scribe. Mega Plus. 7512,SCRIBE. MEGA PLUS. 7512,False
Scribe. Mega Plus. 7513,Scribe. Mega Plus. 7513,SCRIBE. MEGA PLUS. 7513,False
Scribe. Multilinea. 3933,Scribe. Multilinea. 3933,SCRIBE. MULTILINEA. 3933,False
Scribe. México. Snm 5673,Scribe. México. Snm 5673,SCRIBE. MEXICO. SNM 5673,False
Scribe. Natural. 6023,Scribe. Natural. 6023,SCRIBE. NATURAL. 6023,False
Scribe. Natural. 6062,Scribe. Natural. 6062,SCRIBE. NATURAL. 6062,False
Scribe. Natural. 6063,Scribe. Natural. 6063,SCRIBE. NATURAL. 6063,False
Scribe. Nfl. 7822,Scribe. Nfl. 7822,SCRIBE. NFL. 7822,False
Scribe. Nfl. 7823,Scribe. Nfl. 7823,SCRIBE. NFL. 7823,False
Scribe. Picollage. 4363,Scribe. Picollage. 4363,SCRIBE. PICOLLAGE. 4363,False
Scribe. Polycover. 2053 (Pasta de Plástico),Scribe. Polycover. 2053 (Pasta de Plástico),SCRIBE. POLYCOVER. 2053 (PASTA DE PLASTICO),False
Scribe. Polycover. 2053 (pasta de Pl?stico),Scribe. Polycover. 2053 (Pasta de Plástico),SCRIBE. POLYCOVER. 2053 (PASTA DE PLASTICO),False
Scribe. Polycover. 2053 (pasta de Plástico),Scribe. Polycover. 2053 (pasta de Plástico),SCRIBE. POLYCOVER. 2053 (PASTA DE PLASTICO),False
Scribe. Polycover. 9682,Scribe. Polycover. 9682,SCRIBE. POLYCOVER. 9682,False
Scribe. Polycover. 9683,Scribe. Polycover. 9683,SCRIBE. POLYCOVER. 9683,False
Scribe. Polycover. el (edición Limitada). 5493,Scribe. Polycover. el (edición Limitada). 5493,SCRIBE. POLYCOVER. EL (EDICION LIMITADA). 5493,False
Scribe. Serie 3. 0323,Scribe. Serie 3. 0323,SCRIBE. SERIE 3. 0323,False
Scribe. Serie 3. 9653,Scribe. Serie 3. 9653,SCRIBE. SERIE 3. 9653,False
Scribe. Speed. 4403,Scribe. Speed. 4403,SCRIBE. SPEED. 4403,False
Scribe. Sports. 3313,Scribe. Sports. 3313,SCRIBE. SPORTS. 3313,False
Scribe. Star Wars. 9292,Scribe. Star Wars. 9292,SCRIBE. STAR WARS. 9292,False
Scribe. Star Wars. 9293,Scribe. Star Wars. 9293,SCRIBE. STAR WARS. 9293,False
Scribe. Super Girl. Vania Bachur. 1833,Scribe. Super Girl. Vania Bachur. 1833,SCRIBE. SUPER GIRL. VANIA BACHUR. 1833,False
Scribe. Super Mario. 7422,Scribe. Super Mario. 7422,SCRIBE. SUPER MARIO. 7422,False
Scribe. Super Mario. 7423,Scribe. Super Mario. 7423,SCRIBE. SUPER MARIO. 7423,False
Scribe. Super Mario. 7433,Scribe. Super Mario. 7433,SCRIBE. SUPER MARIO. 7433,False
Scribe. Sweet. 4453,Scribe. Sweet. 4453,SCRIBE. SWEET. 4453,False
Scribe. Tribals. 9863,Scribe. Tribals. 9863,SCRIBE. TRIBALS. 9863,False
Scribe. Twinkle. 0673,Scribe. Twinkle. 0673,SCRIBE. TWINKLE. 0673,False
Scribe. Ultra. 8543,Scribe. Ultra. 8543,SCRIBE. ULTRA. 8543,False
Scribe. Vintage. 3213,Scribe. Vintage. 3213,SCRIBE. VINTAGE. 3213,False
Seara,Seara,SEARA,False
Season's Select,Season's Select,SEASON'S SELECT,False
Season?s Select,Season´s Select,SEASON S SELECT,False
Season´s Select,Season´s Select,SEASON S SELECT,False
Sedal,Sedal,SEDAL,False
Selecci?n de la Casa,Selección de la Casa,SELECCION DE LA CASA,False
Selección de la Casa,Selección de la Casa,SELECCION DE LA CASA,False
Selecta,Selecta,SELECTA,False
Selecto Brand,Selecto Brand,SELECTO BRAND,False
Sello Rojo,Sello Rojo,SELLO ROJO,False
Sello Rojo. Semi,Sello Rojo. Semi,SELLO ROJO. SEMI,False
Sensodyne. con Fl?or. Original,Sensodyne. con Flúor. Original,SENSODYNE. CON FLUOR. ORIGINAL,False
Sensodyne. con Flúor. Original,Sensodyne. con Flúor. Original,SENSODYNE. CON FLUOR. ORIGINAL,False
Senzao,Senzao,SENZAO,False
Serpis,Serpis,SERPIS,False
Sharpie,Sharpie,SHARPIE,False
Sharpie. Acuacolor,Sharpie. Acuacolor,SHARPIE. ACUACOLOR,False
Sidral Aga,Sidral Aga,SIDRAL AGA,False
Sidral Mundet,Sidral Mundet,SIDRAL MUNDET,False
Sidral Mundet Light,Sidral Mundet Light,SIDRAL MUNDET LIGHT,False
Siglo,Siglo,SIGLO,False
Simply Basic,Simply Basic,SIMPLY BASIC,False
Smart,Smart,SMART,False
Soberano,Soberano,SOBERANO,False
Sol,Sol,SOL,False
Sol de Oro,Sol de Oro,SOL DE ORO,False
Sony,Sony,SONY,False
Sony. Bravia,Sony. Bravia,SONY. BRAVIA,False
Soriana,Soriana,SORIANA,False
Sos,Sos,SOS,False
Special K. Kellogg's,Special K. Kellogg's,SPECIAL K. KELLOGG'S,False
Special K. Kellogg?s,Special K. Kellogg´s,SPECIAL K. KELLOGG S,False
Special K. Kellogg´s,Special K. Kellogg´s,SPECIAL K. KELLOGG S,False
Speed Stick,Speed Stick,SPEED STICK,False
Spin Master,Spin Master,SPIN MASTER,False
Splenda,Splenda,SPLENDA,False
Splenda. Stevia,Splenda. Stevia,SPLENDA. STEVIA,False
Sprite,Sprite,SPRITE,False
Squirt,Squirt,SQUIRT,False
Staedtler,Staedtler,STAEDTLER,False
Staedtler. Mars Plastic,Staedtler. Mars Plastic,STAEDTLER. MARS PLASTIC,False
Staedtler. Norica,Staedtler. Norica,STAEDTLER. NORICA,False
Staedtler. Noris,Staedtler. Noris,STAEDTLER. NORIS,False
Star Milk. Premium,Star Milk. Premium,STAR MILK. PREMIUM,False
Stefano,Stefano,STEFANO,False
Stf,Stf,STF,False
Suavel,Suavel,SUAVEL,False
Suavel. con Aroma,Suavel. con Aroma,SUAVEL. CON AROMA,False
Suavitel,Suavitel,SUAVITEL,False
Sukarne,Sukarne,SUKARNE,False
Sunbeam,Sunbeam,SUNBEAM,False
Sunny,Sunny,SUNNY,False
Super Value,Super Value,SUPER VALUE,False
Supra Med,Supra Med,SUPRA MED,False
Svetia,Svetia,SVETIA,False
Swingline,Swingline,SWINGLINE,False
Súper Value,Súper Value,SUPER VALUE,False
T-fal,T-fal,T-FAL,False
T-fal Steam Essential,T-fal Steam Essential,T-FAL STEAM ESSENTIAL,False
T-fal. Access Steam Easy,T-fal. Access Steam Easy,T-FAL. ACCESS STEAM EASY,False
T-fal. Access Steam Force,T-fal. Access Steam Force,T-FAL. ACCESS STEAM FORCE,False
T-fal. Air Maxx,T-fal. Air Maxx,T-FAL. AIR MAXX,False
T-fal. Air Maxx Repelente,T-fal. Air Maxx Repelente,T-FAL. AIR MAXX REPELENTE,False
T-fal. Air Maxx. Repelente,T-fal. Air Maxx. Repelente,T-FAL. AIR MAXX. REPELENTE,False
T-fal. Blendforce,T-fal. Blendforce,T-FAL. BLENDFORCE,False
T-fal. Compact Easy,T-fal. Compact Easy,T-FAL. COMPACT EASY,False
T-fal. Cool Touch,T-fal. Cool Touch,T-FAL. COOL TOUCH,False
T-fal. Easy Fry Xl,T-fal. Easy Fry Xl,T-FAL. EASY FRY XL,False
T-fal. Easy Fry&grill,T-fal. Easy Fry&grill,T-FAL. EASY FRY&GRILL,False
T-fal. Easy Steam,T-fal. Easy Steam,T-FAL. EASY STEAM,False
T-fal. Eco Master,T-fal. Eco Master,T-FAL. ECO MASTER,False
T-fal. Elegance,T-fal. Elegance,T-FAL. ELEGANCE,False
T-fal. Element,T-fal. Element,T-FAL. ELEMENT,False
T-fal. Express Easy,T-fal. Express Easy,T-FAL. EXPRESS EASY,False
T-fal. Express Steam,T-fal. Express Steam,T-FAL. EXPRESS STEAM,False
T-fal. Express Steam +,T-fal. Express Steam +,T-FAL. EXPRESS STEAM +,False
T-fal. Frutelia Plus,T-fal. Frutelia Plus,T-FAL. FRUTELIA PLUS,False
T-fal. Grand Café,T-fal. Grand Café,T-FAL. GRAND CAFE,False
T-fal. Heliora Grande,T-fal. Heliora Grande,T-FAL. HELIORA GRANDE,False
T-fal. Heliora Petit,T-fal. Heliora Petit,T-FAL. HELIORA PETIT,False
T-fal. Infiny Force Xl,T-fal. Infiny Force Xl,T-FAL. INFINY FORCE XL,False
T-fal. Infrared Air Fryer,T-fal. Infrared Air Fryer,T-FAL. INFRARED AIR FRYER,False
T-fal. Juice Express,T-fal. Juice Express,T-FAL. JUICE EXPRESS,False
T-fal. Mix,T-fal. Mix,T-FAL. MIX,False
T-fal. Power Press,T-fal. Power Press,T-FAL. POWER PRESS,False
T-fal. Pro Style One,T-fal. Pro Style One,T-FAL. PRO STYLE ONE,False
T-fal. Puregliss,T-fal. Puregliss,T-FAL. PUREGLISS,False
T-fal. Quick Mix,T-fal. Quick Mix,T-FAL. QUICK MIX,False
T-fal. Removable Ez Clean,T-fal. Removable Ez Clean,T-FAL. REMOVABLE EZ CLEAN,False
T-fal. Secure,T-fal. Secure,T-FAL. SECURE,False
T-fal. Sense,T-fal. Sense,T-FAL. SENSE,False
T-fal. Silence Force,T-fal. Silence Force,T-FAL. SILENCE FORCE,False
T-fal. Silence Force. Repelente,T-fal. Silence Force. Repelente,T-FAL. SILENCE FORCE. REPELENTE,False
T-fal. Turbo Power,T-fal. Turbo Power,T-FAL. TURBO POWER,False
T-fal. Turbo Press,T-fal. Turbo Press,T-FAL. TURBO PRESS,False
T-fal. Turbomix Max,T-fal. Turbomix Max,T-FAL. TURBOMIX MAX,False
T-fal. Turbomix Max 4 en 1,T-fal. Turbomix Max 4 en 1,T-FAL. TURBOMIX MAX 4 EN 1,False
T-fal. Turbopro,T-fal. Turbopro,T-FAL. TURBOPRO,False
T-fal. Ultra Inox,T-fal. Ultra Inox,T-FAL. ULTRA INOX,False
T-fal. Ultra Silence Force,T-fal. Ultra Silence Force,T-FAL. ULTRA SILENCE FORCE,False
T-fal. Ultra-compact,T-fal. Ultra-compact,T-FAL. ULTRA-COMPACT,False
T-fal. Ultraforce,T-fal. Ultraforce,T-FAL. ULTRAFORCE,False
T-fal. Ultragliss Anti-calc Plus,T-fal. Ultragliss Anti-calc Plus,T-FAL. ULTRAGLISS ANTI-CALC PLUS,False
T-fal. Ultragliss Plus,T-fal. Ultragliss Plus,T-FAL. ULTRAGLISS PLUS,False
Tabasco,Tabasco,TABASCO,False
Taj?n. Cl?sico,Tajín. Clásico,TAJIN. CLASICO,False
Tajín. Clásico,Tajín. Clásico,TAJIN. CLASICO,False
Tamariz,Tamariz,TAMARIZ,False
Tamariz. Natura,Tamariz. Natura,TAMARIZ. NATURA,False
Tampax,Tampax,TAMPAX,False
Tang,Tang,TANG,False
Taurus,Taurus,TAURUS,False
Tcl,Tcl,TCL,False
Teatrical,Teatrical,TEATRICAL,False
Tecate,Tecate,TECATE,False
Tecate 0.0,Tecate 0.0,TECATE 0.0,False
Tech Deck,Tech Deck,TECH DECK,False
Tehuac?n,Tehuacán,TEHUACAN,False
Tehuacán,Tehuacán,TEHUACAN,False
Teka,Teka,TEKA,False
Ten Stars,Ten Stars,TEN STARS,False
Tena,Tena,TENA,False
Tena Lady Discret,Tena Lady Discret,TENA LADY DISCRET,False
Tepeyac,Tepeyac,TEPEYAC,False
Tersso,Tersso,TERSSO,False
Tom Cherry,Tom Cherry,TOM CHERRY,False
Topo Chico,Topo Chico,TOPO CHICO,False
Torres 10,Torres 10,TORRES 10,False
Tortillinas T?a Rosa,Tortillinas Tía Rosa,TORTILLINAS TIA ROSA,False
Tortillinas Tia Rosa,Tortillinas Tia Rosa,TORTILLINAS TIA ROSA,False
Tortillinas Tía Rosa,Tortillinas Tía Rosa,TORTILLINAS TIA ROSA,False
Tostitos,Tostitos,TOSTITOS,False
Tramontina,Tramontina,TRAMONTINA,False
Tres Coronas,Tres Coronas,TRES CORONAS,False
Tres Coronas Oro Dulce,Tres Coronas Oro Dulce,TRES CORONAS ORO DULCE,False
Tres Estrellas,Tres Estrellas,TRES ESTRELLAS,False
Tucan,Tucan,TUCAN,False
Tuk,Tuk,TUK,False
Tuny,Tuny,TUNY,False
Turin,Turin,TURIN,False
Turin. Cereza,Turin. Cereza,TURIN. CEREZA,False
Turkey Supreme,Turkey Supreme,TURKEY SUPREME,False
Turking,Turking,TURKING,False
Turmix,Turmix,TURMIX,False
Turín. Zero Sugar,Turín. Zero Sugar,TURIN. ZERO SUGAR,False
Uhu. Stic,Uhu. Stic,UHU. STIC,False
Upak. Disney. Mickey y Amigos. Clave: 5136531214,Upak. Disney. Mickey y Amigos. Clave: 5136531214,UPAK. DISNEY. MICKEY Y AMIGOS. CLAVE: 5136531214,False
Upak. Marvel. Spider Man. Clave: 5136531013,Upak. Marvel. Spider Man. Clave: 5136531013,UPAK. MARVEL. SPIDER MAN. CLAVE: 5136531013,False
Upak. Stich. Clave: 5136531015,Upak. Stich. Clave: 5136531015,UPAK. STICH. CLAVE: 5136531015,False
Upak. The Fantastic 4. Clave: 5136531012,Upak. The Fantastic 4. Clave: 5136531012,UPAK. THE FANTASTIC 4. CLAVE: 5136531012,False
V8 Splash. Orange Carrot,V8 Splash. Orange Carrot,V8 SPLASH. ORANGE CARROT,False
Vaca Pinta,Vaca Pinta,VACA PINTA,False
Valentina,Valentina,VALENTINA,False
Valle Redondo,Valle Redondo,VALLE REDONDO,False
Valley Foods,Valley Foods,VALLEY FOODS,False
Valley Foods. Fresh,Valley Foods. Fresh,VALLEY FOODS. FRESH,False
Vanart,Vanart,VANART,False
Vasconia,Vasconia,VASCONIA,False
Vaseline,Vaseline,VASELINE,False
Vasenol,Vasenol,VASENOL,False
Veet,Veet,VEET,False
Vel Rosita,Vel Rosita,VEL ROSITA,False
Venus,Venus,VENUS,False
Venus.rosa,Venus.rosa,VENUS.ROSA,False
Verbatim (12x),Verbatim (12x),VERBATIM (12X),False
Verbatim (52x),Verbatim (52x),VERBATIM (52X),False
Verbatim 4.7 G.b. (16x),Verbatim 4.7 G.b. (16x),VERBATIM 4.7 G.B. (16X),False
Verde Valle,Verde Valle,VERDE VALLE,False
Vesta,Vesta,VESTA,False
Victoria,Victoria,VICTORIA,False
Villa Campo,Villa Campo,VILLA CAMPO,False
Villacampo,Villacampo,VILLACAMPO,False
Vinci,Vinci,VINCI,False
Vinci Modelina,Vinci Modelina,VINCI MODELINA,False
Vinci. Flexi Mediano,Vinci. Flexi Mediano,VINCI. FLEXI MEDIANO,False
Virginians Turkey,Virginians Turkey,VIRGINIANS TURKEY,False
Vita Real,Vita Real,VITA REAL,False
VitaLínea,VitaLínea,VITALINEA,False
Vital?nea,VitaLínea,VITALINEA,False
Vitalínea,Vitalínea,VITALINEA,False
Vitascom,Vitascom,VITASCOM,False
Viva,Viva,VIVA,False
Viva. Fresca Lavanda,Viva. Fresca Lavanda,VIVA. FRESCA LAVANDA,False
Vividel. Vinci,Vividel. Vinci,VIVIDEL. VINCI,False
Viña Maipo,Viña Maipo,VINA MAIPO,False
Viña Maipo. Rose,Viña Maipo. Rose,VINA MAIPO. ROSE,False
Vogue,Vogue,VOGUE,False
Vogue. con Aroma a Manzanilla,Vogue. con Aroma a Manzanilla,VOGUE. CON AROMA A MANZANILLA,False
Wand's,Wand's,WAND'S,False
Wand?s,Wand´s,WAND S,False
Wand´s,Wand´s,WAND S,False
Weber's,Weber's,WEBER'S,False
Weber?s,Weber´s,WEBER S,False
Weber´s,Weber´s,WEBER S,False
Wella Koleston. 40,Wella Koleston. 40,WELLA KOLESTON. 40,False
Wella. Koleston. 20,Wella. Koleston. 20,WELLA. KOLESTON. 20,False
Wella. Soft. 40,Wella. Soft. 40,WELLA. SOFT. 40,False
Whirlpool,Whirlpool,WHIRLPOOL,False
Whirpool,Whirpool,WHIRPOOL,False
William Lawson's,William Lawson's,WILLIAM LAWSON'S,False
William Lawson?s,William Lawson´s,WILLIAM LAWSON S,False
William Lawson´s,William Lawson´s,WILLIAM LAWSON S,False
Winia,Winia,WINIA,False
Worcestershire Crosse & Blackwell,Worcestershire Crosse & Blackwell,WORCESTERSHIRE CROSSE & BLACKWELL,False
World Table,World Table,WORLD TABLE,False
X-a. Domecq,X-a. Domecq,X-A. DOMECQ,False
X-a. Vinos Domecq,X-a. Vinos Domecq,X-A. VINOS DOMECQ,False
Xiaomi,Xiaomi,XIAOMI,False
Xignal,Xignal,XIGNAL,False
Xtreme,Xtreme,XTREME,False
Yaber,Yaber,YABER,False
Yaqui,Yaqui,YAQUI,False
Yavaros,Yavaros,YAVAROS,False
Ybarra,Ybarra,YBARRA,False
Yemina,Yemina,YEMINA,False
Yoplait,Yoplait,YOPLAIT,False
Yurécuaro,Yurécuaro,YURECUARO,False
Zebra. Grip. Pencil,Zebra. Grip. Pencil,ZEBRA. GRIP. PENCIL,False
Zebra. M-301,Zebra. M-301,ZEBRA. M-301,False
Zebra. Z-grip,Zebra. Z-grip,ZEBRA. Z-GRIP,False
Zebra. Z-grip. Plus,Zebra. Z-grip. Plus,ZEBRA. Z-GRIP. PLUS,False
Zest,Zest,ZEST,False
Zote,Zote,ZOTE,False
Zte,Zte,ZTE,False
Zucaritas. Kellogg's,Zucaritas. Kellogg's,ZUCARITAS. KELLOGG'S,False
Zucaritas. Kellogg?s,Zucaritas. Kellogg´s,ZUCARITAS. KELLOGG S,False
Zucaritas. Kellogg´s,Zucaritas. Kellogg´s,ZUCARITAS. KELLOGG S,False
Zukar´s,Zukar´s,ZUKAR S,False
Zuko,Zuko,ZUKO,False
Zulka,Zulka,ZULKA,False
Zuum,Zuum,ZUUM,False
Zuum. Klin,Zuum. Klin,ZUUM. KLIN,False
Zwan,Zwan,ZWAN,False
Zwan. Premium,Zwan. Premium,ZWAN. PREMIUM,False
Íntima. By Pro-selection,Íntima. By Pro-selection,INTIMA. BY PRO-SELECTION,False
