producto_original,producto_corregido,producto_key
A.s.cor,A.s.cor,A.S.COR
Acarbosa,Acarbosa,ACARBOSA
Aceite,Aceite,ACEITE
Aceite de Oliva,Aceite de Oliva,ACEITE DE OLIVA
Aceituna,Aceituna,ACEITUNA
Acelga,Acelga,ACELGA
Aciclovir,Aciclovir,ACICLOVIR
Acido F?lico,Acido Fólico,ACIDO FOLICO
Acido Fólico,Acido Fólico,ACIDO FOLICO
Aclimafel,Aclimafel,ACLIMAFEL
Acondicionador y Enjuague,Acondicionador y Enjuague,ACONDICIONADOR Y ENJUAGUE
Adalat Oros,Adalat Oros,ADALAT OROS
Aderogyl 15,Aderogyl 15,ADEROGYL 15
Adimod,Adimod,ADIMOD
Afumix,Afumix,AFUMIX
Afungil,Afungil,AFUNGIL
Agrifen,Agrifen,AGRIFEN
Agua Oxigenada,Agua Oxigenada,AGUA OXIGENADA
Agua Sin Gas,Agua Sin Gas,AGUA SIN GAS
Agua con Gas,Agua con Gas,AGUA CON GAS
Aguacate,Aguacate,AGUACATE
Aires Acondicionados,Aires Acondicionados,AIRES ACONDICIONADOS
Ajo,Ajo,AJO
Ajonjol?,Ajonjolí,AJONJOLI
Ajonjolí,Ajonjolí,AJONJOLI
Alcachofa,Alcachofa,ALCACHOFA
Alcaparra,Alcaparra,ALCAPARRA
Alcohol,Alcohol,ALCOHOL
Alevian Duo,Alevian Duo,ALEVIAN DUO
Algod?n,Algodón,ALGODON
Algodón,Algodón,ALGODON
Alimento Preparado para Niños,Alimento Preparado para Niños,ALIMENTO PREPARADO PARA NINOS
Alimentos Preparados,Alimentos Preparados,ALIMENTOS PREPARADOS
Alka-seltzer,Alka-seltzer,ALKA-SELTZER
Almeja,Almeja,ALMEJA
Almendras,Almendras,ALMENDRAS
Alopurinol,Alopurinol,ALOPURINOL
Altruline,Altruline,ALTRULINE
Alubia,Alubia,ALUBIA
Amantadina Clorfenamina Paracetamol,Amantadina Clorfenamina Paracetamol,AMANTADINA CLORFENAMINA PARACETAMOL
Amaranto,Amaranto,AMARANTO
Amaryl,Amaryl,AMARYL
Amaryl M,Amaryl M,AMARYL M
Ambroxol,Ambroxol,AMBROXOL
Ambroxol Dextrometorfano,Ambroxol Dextrometorfano,AMBROXOL DEXTROMETORFANO
Ambroxol Salbutamol,Ambroxol Salbutamol,AMBROXOL SALBUTAMOL
Amikacina,Amikacina,AMIKACINA
Amlodipino,Amlodipino,AMLODIPINO
Amoxicilina,Amoxicilina,AMOXICILINA
"Amoxicilina, Acido Clavulanico","Amoxicilina, Acido Clavulanico","AMOXICILINA, ACIDO CLAVULANICO"
Amoxiclav. Bid,Amoxiclav. Bid,AMOXICLAV. BID
Ampicilina,Ampicilina,AMPICILINA
Ampliron Duo,Ampliron Duo,AMPLIRON DUO
Angeliq a,Angeliq a,ANGELIQ A
Antiflu-des,Antiflu-des,ANTIFLU-DES
Antiflu-des Jr.,Antiflu-des Jr.,ANTIFLU-DES JR
Apio,Apio,APIO
Aprovel,Aprovel,APROVEL
Arava,Arava,ARAVA
Arcoxia,Arcoxia,ARCOXIA
Arroz,Arroz,ARROZ
Artridol,Artridol,ARTRIDOL
Asenlix,Asenlix,ASENLIX
Asistentes de Voz,Asistentes de Voz,ASISTENTES DE VOZ
Aspiradoras,Aspiradoras,ASPIRADORAS
Aspirina,Aspirina,ASPIRINA
Aspirina Protect,Aspirina Protect,ASPIRINA PROTECT
At?n,Atún,ATUN
Atacand,Atacand,ATACAND
Atacand Plus,Atacand Plus,ATACAND PLUS
Ativan,Ativan,ATIVAN
Atorvastatina,Atorvastatina,ATORVASTATINA
Atún,Atún,ATUN
Augmentin 12 H.,Augmentin 12 H.,AUGMENTIN 12 H
Autopistas,Autopistas,AUTOPISTAS
Avamys 2a,Avamys 2a,AVAMYS 2A
Avellana,Avellana,AVELLANA
Avelox 7d,Avelox 7d,AVELOX 7D
Avena,Avena,AVENA
Avodart,Avodart,AVODART
Az?car,Azúcar,AZUCAR
Azitromicina,Azitromicina,AZITROMICINA
Azúcar,Azúcar,AZUCAR
Bacalao,Bacalao,BACALAO
Bactrim F,Bactrim F,BACTRIM F
Bagre,Bagre,BAGRE
Bal?n Oficial,Balón Oficial,BALON OFICIAL
Balón Oficial,Balón Oficial,BALON OFICIAL
Bandera,Bandera,BANDERA
Barra de Sonido,Barra de Sonido,BARRA DE SONIDO
Barras de Avena,Barras de Avena,BARRAS DE AVENA
Barras de Cereal,Barras de Cereal,BARRAS DE CEREAL
Barrita de Surimi o Barrita de Surimi Cangre,Barrita de Surimi o Barrita de Surimi Cangre,BARRITA DE SURIMI O BARRITA DE SURIMI CANGRE
Basa,Basa,BASA
Bata Escuela Oficial,Bata Escuela Oficial,BATA ESCUELA OFICIAL
Baterías de Cocina,Baterías de Cocina,BATERIAS DE COCINA
Batidoras,Batidoras,BATIDORAS
Bebida Varias,Bebida Varias,BEBIDA VARIAS
Bebidas Hidratantes,Bebidas Hidratantes,BEBIDAS HIDRATANTES
Bedoyecta,Bedoyecta,BEDOYECTA
Bedoyecta-tri,Bedoyecta-tri,BEDOYECTA-TRI
Bencilpenicilina Procainica,Bencilpenicilina Procainica,BENCILPENICILINA PROCAINICA
Benzonatato,Benzonatato,BENZONATATO
Besugo,Besugo,BESUGO
Betabel,Betabel,BETABEL
Betametasona,Betametasona,BETAMETASONA
Betametasona/ Clotrimazol/ Gentamicina,Betametasona/ Clotrimazol/ Gentamicina,BETAMETASONA/ CLOTRIMAZOL/ GENTAMICINA
Bexident Encias,Bexident Encias,BEXIDENT ENCIAS
Bezafibrato,Bezafibrato,BEZAFIBRATO
Bicolor,Bicolor,BICOLOR
Biometrix,Biometrix,BIOMETRIX
Biomics,Biomics,BIOMICS
Blanco del Nilo,Blanco del Nilo,BLANCO DEL NILO
Blanqueador,Blanqueador,BLANQUEADOR
Block,Block,BLOCK
Blopress Plus,Blopress Plus,BLOPRESS PLUS
Blusa Escuela Oficial,Blusa Escuela Oficial,BLUSA ESCUELA OFICIAL
Bocinas Port?tiles,Bocinas Portátiles,BOCINAS PORTATILES
Bocinas Portátiles,Bocinas Portátiles,BOCINAS PORTATILES
Bol?grafo Colores Varios,Bolígrafo Colores Varios,BOLIGRAFO COLORES VARIOS
Bol?grafo Tinta Negra,Bolígrafo Tinta Negra,BOLIGRAFO TINTA NEGRA
Bolsa Reutilizable Caliente/fr?o,Bolsa Reutilizable Caliente/frío,BOLSA REUTILIZABLE CALIENTE/FRIO
Bolsa Reutilizable Caliente/frío,Bolsa Reutilizable Caliente/frío,BOLSA REUTILIZABLE CALIENTE/FRIO
Bolígrafo Colores Varios,Bolígrafo Colores Varios,BOLIGRAFO COLORES VARIOS
Bolígrafo Tinta Negra,Bolígrafo Tinta Negra,BOLIGRAFO TINTA NEGRA
Bonviva,Bonviva,BONVIVA
Br?coli,Brócoli,BROCOLI
Brandy,Brandy,BRANDY
Bredelin,Bredelin,BREDELIN
Bromuro de Pinaverio,Bromuro de Pinaverio,BROMURO DE PINAVERIO
Brócoli,Brócoli,BROCOLI
Buscapina Compositum,Buscapina Compositum,BUSCAPINA COMPOSITUM
Butilhioscina,Butilhioscina,BUTILHIOSCINA
Butilhioscina/ Metamizol Sodico,Butilhioscina/ Metamizol Sodico,BUTILHIOSCINA/ METAMIZOL SODICO
C?maras Digitales,Cámaras Digitales,CAMARAS DIGITALES
C?rcuma,Cúrcuma,CURCUMA
Cacahuates,Cacahuates,CACAHUATES
Cafeteras,Cafeteras,CAFETERAS
Cafiaspirina,Cafiaspirina,CAFIASPIRINA
Café Soluble,Café Soluble,CAFE SOLUBLE
Café Tostado y Molido,Café Tostado y Molido,CAFE TOSTADO Y MOLIDO
Cajeta,Cajeta,CAJETA
Calabaza,Calabaza,CALABAZA
Calamar,Calamar,CALAMAR
Calcitriol,Calcitriol,CALCITRIOL
Calculadoras,Calculadoras,CALCULADORAS
Callo de Almeja,Callo de Almeja,CALLO DE ALMEJA
Callo de Hacha,Callo de Hacha,CALLO DE HACHA
Camar?n,Camarón,CAMARON
Camarón,Camarón,CAMARON
Camisa Escuela Oficial,Camisa Escuela Oficial,CAMISA ESCUELA OFICIAL
Canela,Canela,CANELA
Canesten V,Canesten V,CANESTEN V
Captopril,Captopril,CAPTOPRIL
Carbamazepina,Carbamazepina,CARBAMAZEPINA
Carne Cerdo,Carne Cerdo,CARNE CERDO
Carne Pavo,Carne Pavo,CARNE PAVO
Carne Pollo,Carne Pollo,CARNE POLLO
Carne Res,Carne Res,CARNE RES
Carne Ternera,Carne Ternera,CARNE TERNERA
Carpa,Carpa,CARPA
Castañas,Castañas,CASTANAS
Caz?n,Cazón,CAZON
Cazón,Cazón,CAZON
Caña,Caña,CANA
Cebolla,Cebolla,CEBOLLA
Cefaclor,Cefaclor,CEFACLOR
Cefalexina,Cefalexina,CEFALEXINA
Cefaxona I.m.,Cefaxona I.m.,CEFAXONA I.M
Cefotaxima,Cefotaxima,CEFOTAXIMA
Ceftrex Im,Ceftrex Im,CEFTREX IM
Ceftriaxona,Ceftriaxona,CEFTRIAXONA
Cefuracet,Cefuracet,CEFURACET
Cefuroxima,Cefuroxima,CEFUROXIMA
Celebrex,Celebrex,CELEBREX
Celestamine-ns,Celestamine-ns,CELESTAMINE-NS
Celestone Soluspan,Celestone Soluspan,CELESTONE SOLUSPAN
Celulares,Celulares,CELULARES
Centro de Lavado,Centro de Lavado,CENTRO DE LAVADO
Cepillo Dental,Cepillo Dental,CEPILLO DENTAL
Cereales,Cereales,CEREALES
Cerillos,Cerillos,CERILLOS
Cerveza,Cerveza,CERVEZA
Cetirizina,Cetirizina,CETIRIZINA
Ch?a,Chía,CHIA
Ch?charo,Chícharo,CHICHARO
Ch?charos,Chícharos,CHICHAROS
Ch?charos en Lata,Chícharos en Lata,CHICHAROS EN LATA
Chaleco,Chaleco,CHALECO
Champiñones,Champiñones,CHAMPINONES
Charal,Charal,CHARAL
Chayote,Chayote,CHAYOTE
Chazarilla Escuela Oficial,Chazarilla Escuela Oficial,CHAZARILLA ESCUELA OFICIAL
Chile Fresco,Chile Fresco,CHILE FRESCO
Chile Seco,Chile Seco,CHILE SECO
Chiles,Chiles,CHILES
Chiles Largos en Escabeche,Chiles Largos en Escabeche,CHILES LARGOS EN ESCABECHE
Chiles Largos o Güeros Carricillos,Chiles Largos o Güeros Carricillos,CHILES LARGOS O GUEROS CARRICILLOS
Chocolate,Chocolate,CHOCOLATE
Chocolate en Tablillas,Chocolate en Tablillas,CHOCOLATE EN TABLILLAS
Cholal Modificado,Cholal Modificado,CHOLAL MODIFICADO
Chorizo,Chorizo,CHORIZO
Chucumite,Chucumite,CHUCUMITE
Chía,Chía,CHIA
Chícharo,Chícharo,CHICHARO
Chícharos,Chícharos,CHICHAROS
Chícharos en Lata,Chícharos en Lata,CHICHAROS EN LATA
Cialis,Cialis,CIALIS
Cilantro,Cilantro,CILANTRO
Cinarizina,Cinarizina,CINARIZINA
Cinta Adhesiva,Cinta Adhesiva,CINTA ADHESIVA
Cintilla,Cintilla,CINTILLA
Ciproflox,Ciproflox,CIPROFLOX
Ciprofloxacino,Ciprofloxacino,CIPROFLOXACINO
Ciruela,Ciruela,CIRUELA
Ciruela Pasa,Ciruela Pasa,CIRUELA PASA
Claritromicina,Claritromicina,CLARITROMICINA
Clavo,Clavo,CLAVO
Clendix,Clendix,CLENDIX
Clexane,Clexane,CLEXANE
Clindamicina,Clindamicina,CLINDAMICINA
Clopidogrel,Clopidogrel,CLOPIDOGREL
Cloramfeni Ofteno,Cloramfeni Ofteno,CLORAMFENI OFTENO
Clorfenamina Compuesta,Clorfenamina Compuesta,CLORFENAMINA COMPUESTA
Co-diovan,Co-diovan,CO-DIOVAN
Coctel de Frutas en Alm?bar,Coctel de Frutas en Almíbar,COCTEL DE FRUTAS EN ALMIBAR
Coctel de Frutas en Almíbar,Coctel de Frutas en Almíbar,COCTEL DE FRUTAS EN ALMIBAR
Col,Col,COL
Colación,Colación,COLACION
Coliflor,Coliflor,COLIFLOR
Colores de Madera,Colores de Madera,COLORES DE MADERA
Combinado Primavera,Combinado Primavera,COMBINADO PRIMAVERA
Combivent,Combivent,COMBIVENT
Combivent. Respimat,Combivent. Respimat,COMBIVENT. RESPIMAT
Comino,Comino,COMINO
Compas,Compas,COMPAS
Competact,Competact,COMPETACT
Componentes de Audio,Componentes de Audio,COMPONENTES DE AUDIO
Computadoras Port?tiles,Computadoras Portátiles,COMPUTADORAS PORTATILES
Computadoras Portátiles,Computadoras Portátiles,COMPUTADORAS PORTATILES
Concentrado de Pollo,Concentrado de Pollo,CONCENTRADO DE POLLO
Conjunto de Pants Deportivo Escolar,Conjunto de Pants Deportivo Escolar,CONJUNTO DE PANTS DEPORTIVO ESCOLAR
Contac,Contac,CONTAC
Controlip,Controlip,CONTROLIP
Copa Menstrual,Copa Menstrual,COPA MENSTRUAL
Crayones,Crayones,CRAYONES
Crema,Crema,CREMA
Crema Batida,Crema Batida,CREMA BATIDA
Crema Dental,Crema Dental,CREMA DENTAL
Crema L?quida,Crema Líquida,CREMA LIQUIDA
Crema Líquida,Crema Líquida,CREMA LIQUIDA
Crema S?lida,Crema Sólida,CREMA SOLIDA
Crema Sólida,Crema Sólida,CREMA SOLIDA
Crema de Avellanas con Cacao,Crema de Avellanas con Cacao,CREMA DE AVELLANAS CON CACAO
Crema de Cacahuate,Crema de Cacahuate,CREMA DE CACAHUATE
Crema para Rozaduras,Crema para Rozaduras,CREMA PARA ROZADURAS
Crestor,Crestor,CRESTOR
Cuaderno Forma College,Cuaderno Forma College,CUADERNO FORMA COLLEGE
Cuaderno Forma Francesa,Cuaderno Forma Francesa,CUADERNO FORMA FRANCESA
Cuaderno Forma Italiana,Cuaderno Forma Italiana,CUADERNO FORMA ITALIANA
Cuaderno Profesional,Cuaderno Profesional,CUADERNO PROFESIONAL
Cubrebocas,Cubrebocas,CUBREBOCAS
Cuchara Sopera,Cuchara Sopera,CUCHARA SOPERA
Cuchillo,Cuchillo,CUCHILLO
Curvina,Curvina,CURVINA
Cymbalta,Cymbalta,CYMBALTA
Cytotec,Cytotec,CYTOTEC
Cámaras Digitales,Cámaras Digitales,CAMARAS DIGITALES
Cúrcuma,Cúrcuma,CURCUMA
Daflon,Daflon,DAFLON
Dagla,Dagla,DAGLA
Dalacin C,Dalacin C,DALACIN C
Daxon,Daxon,DAXON
Desenfriol-d,Desenfriol-d,DESENFRIOL-D
Desenfriol-ito,Desenfriol-ito,DESENFRIOL-ITO
Desengrapadora,Desengrapadora,DESENGRAPADORA
Desloratadina,Desloratadina,DESLORATADINA
Desodorante,Desodorante,DESODORANTE
Detergente P/ropa,Detergente P/ropa,DETERGENTE P/ROPA
Detergente P/ropa y Trastes,Detergente P/ropa y Trastes,DETERGENTE P/ROPA Y TRASTES
Detergente P/trastes,Detergente P/trastes,DETERGENTE P/TRASTES
Dexabion,Dexabion,DEXABION
Dexametasona,Dexametasona,DEXAMETASONA
Dexivant,Dexivant,DEXIVANT
Dextrometorfano Guaifenesina,Dextrometorfano Guaifenesina,DEXTROMETORFANO GUAIFENESINA
Diabion,Diabion,DIABION
Diane,Diane,DIANE
Diccionario,Diccionario,DICCIONARIO
Diclofenaco,Diclofenaco,DICLOFENACO
"Diclofenaco. Vitaminas B1, B6 y B12","Diclofenaco. Vitaminas B1, B6 y B12","DICLOFENACO. VITAMINAS B1, B6 Y B12"
"Diclofenaco. Vitaminas B1, B6 y B13","Diclofenaco. Vitaminas B1, B6 y B13","DICLOFENACO. VITAMINAS B1, B6 Y B13"
Dicloxacilina,Dicloxacilina,DICLOXACILINA
Difenidol,Difenidol,DIFENIDOL
Dimegan-d,Dimegan-d,DIMEGAN-D
Dimenhidrinato,Dimenhidrinato,DIMENHIDRINATO
Dimoflax,Dimoflax,DIMOFLAX
Diovan,Diovan,DIOVAN
Dip,Dip,DIP
Diprospan,Diprospan,DIPROSPAN
Disco Compacto,Disco Compacto,DISCO COMPACTO
Dolac,Dolac,DOLAC
Dolo-neurobi?n,Dolo-neurobión,DOLO-NEUROBION
Dolo-neurobi?n Forte,Dolo-neurobión Forte,DOLO-NEUROBION FORTE
Dolo-neurobión,Dolo-neurobión,DOLO-NEUROBION
Dolo-neurobión Forte,Dolo-neurobión Forte,DOLO-NEUROBION FORTE
Dolocartigen,Dolocartigen,DOLOCARTIGEN
Dorixina Forte,Dorixina Forte,DORIXINA FORTE
Dorixina Relax,Dorixina Relax,DORIXINA RELAX
Durazno,Durazno,DURAZNO
Duraznos en Alm?bar,Duraznos en Almíbar,DURAZNOS EN ALMIBAR
Duraznos en Almíbar,Duraznos en Almíbar,DURAZNOS EN ALMIBAR
Dvd / Blu Ray,Dvd / Blu Ray,DVD / BLU RAY
Dátil,Dátil,DATIL
Efexor Xr,Efexor Xr,EFEXOR XR
Ejote,Ejote,EJOTE
Elatec,Elatec,ELATEC
Electr?nicos de Video,Electrónicos de Video,ELECTRONICOS DE VIDEO
Electrolitos Orales,Electrolitos Orales,ELECTROLITOS ORALES
Electrónicos de Video,Electrónicos de Video,ELECTRONICOS DE VIDEO
Elequine,Elequine,ELEQUINE
Elote,Elote,ELOTE
Empanizadores,Empanizadores,EMPANIZADORES
Enaladil,Enaladil,ENALADIL
Enalapril,Enalapril,ENALAPRIL
Enterogermina,Enterogermina,ENTEROGERMINA
Espaven,Espaven,ESPAVEN
Espinacas,Espinacas,ESPINACAS
Espironolactona,Espironolactona,ESPIRONOLACTONA
Espuma de Afeitar,Espuma de Afeitar,ESPUMA DE AFEITAR
Estufas,Estufas,ESTUFAS
Eutirox 100,Eutirox 100,EUTIROX 100
Evista,Evista,EVISTA
Evra,Evra,EVRA
Exforge,Exforge,EXFORGE
Exforge Hct,Exforge Hct,EXFORGE HCT
Extractores de Jugos y Exprimidores,Extractores de Jugos y Exprimidores,EXTRACTORES DE JUGOS Y EXPRIMIDORES
F?rmula L?ctea,Fórmula Láctea,FORMULA LACTEA
Fabroven,Fabroven,FABROVEN
Falda Escuela Oficial,Falda Escuela Oficial,FALDA ESCUELA OFICIAL
Febrax,Febrax,FEBRAX
Ferranina Fol,Ferranina Fol,FERRANINA FOL
Fibra para Cocina,Fibra para Cocina,FIBRA PARA COCINA
Figuritas de Mazapán,Figuritas de Mazapán,FIGURITAS DE MAZAPAN
Finasterida,Finasterida,FINASTERIDA
Flan,Flan,FLAN
Flanax,Flanax,FLANAX
Floretes de Br?coli,Floretes de Brócoli,FLORETES DE BROCOLI
Floretes de Brócoli,Floretes de Brócoli,FLORETES DE BROCOLI
Fluconazol,Fluconazol,FLUCONAZOL
Fluoxetina,Fluoxetina,FLUOXETINA
Folders,Folders,FOLDERS
FosFácil,FosFácil,FOSFACIL
Fosamax Plus,Fosamax Plus,FOSAMAX PLUS
Fosfocil,Fosfocil,FOSFOCIL
Freidoras de Aire,Freidoras de Aire,FREIDORAS DE AIRE
Fresa,Fresa,FRESA
Frijol,Frijol,FRIJOL
Frijoles,Frijoles,FRIJOLES
Fruta Seca,Fruta Seca,FRUTA SECA
Frutas Cubiertas,Frutas Cubiertas,FRUTAS CUBIERTAS
Furosemida,Furosemida,FUROSEMIDA
Fórmula Láctea,Fórmula Láctea,FORMULA LACTEA
Gabapentina,Gabapentina,GABAPENTINA
Galletas Dulces,Galletas Dulces,GALLETAS DULCES
Galletas Populares,Galletas Populares,GALLETAS POPULARES
Galletas Saladas,Galletas Saladas,GALLETAS SALADAS
Galvus Met,Galvus Met,GALVUS MET
Garbanzo,Garbanzo,GARBANZO
Gasa,Gasa,GASA
Gavindo,Gavindo,GAVINDO
Gavindo N,Gavindo N,GAVINDO N
Gel Antibacterial,Gel Antibacterial,GEL ANTIBACTERIAL
Gel Fijador,Gel Fijador,GEL FIJADOR
Gelatina en Polvo,Gelatina en Polvo,GELATINA EN POLVO
Genoprazol,Genoprazol,GENOPRAZOL
Gentamicina,Gentamicina,GENTAMICINA
Glanique,Glanique,GLANIQUE
Glibenclamida,Glibenclamida,GLIBENCLAMIDA
Glimepirida,Glimepirida,GLIMEPIRIDA
Gluc?metro,Glucómetro,GLUCOMETRO
Glucómetro,Glucómetro,GLUCOMETRO
Glyvenol,Glyvenol,GLYVENOL
Goma,Goma,GOMA
Goma Borrador,Goma Borrador,GOMA BORRADOR
Gorra,Gorra,GORRA
Granada,Granada,GRANADA
Granola,Granola,GRANOLA
Granos de Elote,Granos de Elote,GRANOS DE ELOTE
Grapas,Grapas,GRAPAS
Grasa Comestible,Grasa Comestible,GRASA COMESTIBLE
Guan?bana,Guanábana,GUANABANA
Guantes de L?tex,Guantes de Látex,GUANTES DE LATEX
Guantes de Látex,Guantes de Látex,GUANTES DE LATEX
Guanábana,Guanábana,GUANABANA
Guarnici?n de Verduras,Guarnición de Verduras,GUARNICION DE VERDURAS
Guarnición de Verduras,Guarnición de Verduras,GUARNICION DE VERDURAS
Guayaba,Guayaba,GUAYABA
Gurrubata,Gurrubata,GURRUBATA
Haba,Haba,HABA
Halcion,Halcion,HALCION
Harina Hot Cakes,Harina Hot Cakes,HARINA HOT CAKES
Harina de Arroz,Harina de Arroz,HARINA DE ARROZ
Harina de Ma?z,Harina de Maíz,HARINA DE MAIZ
Harina de Maíz,Harina de Maíz,HARINA DE MAIZ
Harina de Trigo,Harina de Trigo,HARINA DE TRIGO
Helado,Helado,HELADO
Her-klin Nf. Shampoo,Her-klin Nf. Shampoo,HER-KLIN NF. SHAMPOO
Hidroxocobalamina Tiamina Piridoxina,Hidroxocobalamina Tiamina Piridoxina,HIDROXOCOBALAMINA TIAMINA PIRIDOXINA
Histiacil Nf,Histiacil Nf,HISTIACIL NF
Hojas de Laurel,Hojas de Laurel,HOJAS DE LAUREL
Hojas de Papel,Hojas de Papel,HOJAS DE PAPEL
Horno Eléctrico,Horno Eléctrico,HORNO ELECTRICO
Horno de Microondas,Horno de Microondas,HORNO DE MICROONDAS
Huachinango,Huachinango,HUACHINANGO
Huevo,Huevo,HUEVO
Humalog Mix 25,Humalog Mix 25,HUMALOG MIX 25
Humulin N. Insulina Humana,Humulin N. Insulina Humana,HUMULIN N. INSULINA HUMANA
Humylub Ofteno,Humylub Ofteno,HUMYLUB OFTENO
Ibuprofeno,Ibuprofeno,IBUPROFENO
Imodium,Imodium,IMODIUM
Insecticida Aerosol,Insecticida Aerosol,INSECTICIDA AEROSOL
Isodine Bucofaringeo,Isodine Bucofaringeo,ISODINE BUCOFARINGEO
Itraconazol,Itraconazol,ITRACONAZOL
J?cama,Jícama,JICAMA
Jab?n de Pasta,Jabón de Pasta,JABON DE PASTA
Jab?n de Tocador,Jabón de Tocador,JABON DE TOCADOR
Jab?n de Tocador para Bebé,Jabón de Tocador para Bebé,JABON DE TOCADOR PARA BEBE
Jabón de Pasta,Jabón de Pasta,JABON DE PASTA
Jabón de Tocador,Jabón de Tocador,JABON DE TOCADOR
Jabón de Tocador para Bebé,Jabón de Tocador para Bebé,JABON DE TOCADOR PARA BEBE
Jaib?n,Jaibón,JAIBON
Jaiba,Jaiba,JAIBA
Jaibón,Jaibón,JAIBON
Jam?n,Jamón,JAMON
Jamaica,Jamaica,JAMAICA
Jamón,Jamón,JAMON
Janumet,Janumet,JANUMET
Januvia,Januvia,JANUVIA
Jarabe P/preparar Bebidas,Jarabe P/preparar Bebidas,JARABE P/PREPARAR BEBIDAS
Jerez,Jerez,JEREZ
Jitomate,Jitomate,JITOMATE
Juego de Cubiertos,Juego de Cubiertos,JUEGO DE CUBIERTOS
Juego de Geometr?a,Juego de Geometría,JUEGO DE GEOMETRIA
Juego de Geometría,Juego de Geometría,JUEGO DE GEOMETRIA
Juegos de Mesa,Juegos de Mesa,JUEGOS DE MESA
Jugo de Fruta,Jugo de Fruta,JUGO DE FRUTA
Juguetes Armables,Juguetes Armables,JUGUETES ARMABLES
Juguetes Educativos,Juguetes Educativos,JUGUETES EDUCATIVOS
Juguetes Montables,Juguetes Montables,JUGUETES MONTABLES
Juguetes Montables Eléctricos,Juguetes Montables Eléctricos,JUGUETES MONTABLES ELECTRICOS
Juguetes de Destreza,Juguetes de Destreza,JUGUETES DE DESTREZA
Jurel,Jurel,JUREL
Jícama,Jícama,JICAMA
Kank-a,Kank-a,KANK-A
Keflex,Keflex,KEFLEX
Keflex Pedi?trico,Keflex Pediátrico,KEFLEX PEDIATRICO
Keflex Pediátrico,Keflex Pediátrico,KEFLEX PEDIATRICO
Keppra,Keppra,KEPPRA
Ketoconazol,Ketoconazol,KETOCONAZOL
Ketorolaco,Ketorolaco,KETOROLACO
Kiwi,Kiwi,KIWI
Krytan Tek Ofteno,Krytan Tek Ofteno,KRYTAN TEK OFTENO
L?mpara Ahorradora,Lámpara Ahorradora,LAMPARA AHORRADORA
L?piz,Lápiz,LAPIZ
L?piz Adhesivo,Lápiz Adhesivo,LAPIZ ADHESIVO
Lactacyd,Lactacyd,LACTACYD
Lagricel Ofteno,Lagricel Ofteno,LAGRICEL OFTENO
Lamisil,Lamisil,LAMISIL
Lamotrigina,Lamotrigina,LAMOTRIGINA
Lancetas,Lancetas,LANCETAS
Langosta,Langosta,LANGOSTA
Langostino,Langostino,LANGOSTINO
Lantus. Insulina Glargina,Lantus. Insulina Glargina,LANTUS. INSULINA GLARGINA
Lavadoras,Lavadoras,LAVADORAS
Leche Condensada,Leche Condensada,LECHE CONDENSADA
Leche Evaporada,Leche Evaporada,LECHE EVAPORADA
Leche Pasteurizada,Leche Pasteurizada,LECHE PASTEURIZADA
Leche Ultrapasteurizada,Leche Ultrapasteurizada,LECHE ULTRAPASTEURIZADA
Leche en Polvo,Leche en Polvo,LECHE EN POLVO
Lechuga,Lechuga,LECHUGA
Lenguado,Lenguado,LENGUADO
Lenteja,Lenteja,LENTEJA
Levitra,Levitra,LEVITRA
Levofloxacino,Levofloxacino,LEVOFLOXACINO
Levonorgestrel,Levonorgestrel,LEVONORGESTREL
Lexapro,Lexapro,LEXAPRO
Libertrim Sii,Libertrim Sii,LIBERTRIM SII
Libro de Texto de Civismo,Libro de Texto de Civismo,LIBRO DE TEXTO DE CIVISMO
Licuadoras,Licuadoras,LICUADORAS
Lim?n,Limón,LIMON
Lima,Lima,LIMA
Limpiador L?quido P/piso,Limpiador Líquido P/piso,LIMPIADOR LIQUIDO P/PISO
Limpiador Líquido P/piso,Limpiador Líquido P/piso,LIMPIADOR LIQUIDO P/PISO
Limón,Limón,LIMON
Linaza,Linaza,LINAZA
Lincocin,Lincocin,LINCOCIN
Lincomicina,Lincomicina,LINCOMICINA
Lipitor,Lipitor,LIPITOR
Lisa,Lisa,LISA
Lisinopril,Lisinopril,LISINOPRIL
Livial,Livial,LIVIAL
Lobina,Lobina,LOBINA
Lopid,Lopid,LOPID
Loratadina,Loratadina,LORATADINA
Loratadina Betametasona,Loratadina Betametasona,LORATADINA BETAMETASONA
Losart?n,Losartán,LOSARTAN
Losartan Hidroclorotiazida,Losartan Hidroclorotiazida,LOSARTAN HIDROCLOROTIAZIDA
Losartán,Losartán,LOSARTAN
Losec A-20,Losec A-20,LOSEC A-20
Lyrica,Lyrica,LYRICA
Lámpara Ahorradora,Lámpara Ahorradora,LAMPARA AHORRADORA
Lápiz,Lápiz,LAPIZ
Lápiz Adhesivo,Lápiz Adhesivo,LAPIZ ADHESIVO
Ma?z Palomero,Maíz Palomero,MAIZ PALOMERO
Ma?z Pozolero,Maíz Pozolero,MAIZ POZOLERO
Macrodantina,Macrodantina,MACRODANTINA
Mamey,Mamey,MAMEY
Mandarina,Mandarina,MANDARINA
Mango,Mango,MANGO
Manteca de Cerdo,Manteca de Cerdo,MANTECA DE CERDO
Mantequilla,Mantequilla,MANTEQUILLA
Manzana,Manzana,MANZANA
Marcadores,Marcadores,MARCADORES
Margarina,Margarina,MARGARINA
Materna,Materna,MATERNA
Mayonesa,Mayonesa,MAYONESA
Maíz Palomero,Maíz Palomero,MAIZ PALOMERO
Maíz Pozolero,Maíz Pozolero,MAIZ POZOLERO
Medicasp Shampoo,Medicasp Shampoo,MEDICASP SHAMPOO
Mel?n,Melón,MELON
Meloxicam,Meloxicam,MELOXICAM
Melón,Melón,MELON
Merluza,Merluza,MERLUZA
Mermelada,Mermelada,MERMELADA
Mero,Mero,MERO
Metamizol Sodico,Metamizol Sodico,METAMIZOL SODICO
Metformina,Metformina,METFORMINA
Metformina-glibenclamida,Metformina-glibenclamida,METFORMINA-GLIBENCLAMIDA
Meticorten,Meticorten,METICORTEN
Metoprolol,Metoprolol,METOPROLOL
Mezcla California,Mezcla California,MEZCLA CALIFORNIA
Mezcla Campesina,Mezcla Campesina,MEZCLA CAMPESINA
Micardis,Micardis,MICARDIS
Micardis Plus,Micardis Plus,MICARDIS PLUS
Miconazol,Miconazol,MICONAZOL
Microbicida,Microbicida,MICROBICIDA
Mictasol,Mictasol,MICTASOL
Miel de Abeja,Miel de Abeja,MIEL DE ABEJA
MiniBocinas Portátiles Bluetooth,MiniBocinas Portátiles Bluetooth,MINIBOCINAS PORTATILES BLUETOOTH
Minibocinas Port?tiles Bluetooth,MiniBocinas Portátiles Bluetooth,MINIBOCINAS PORTATILES BLUETOOTH
Minibocinas Portátiles Bluetooth,Minibocinas Portátiles Bluetooth,MINIBOCINAS PORTATILES BLUETOOTH
Misoprostol,Misoprostol,MISOPROSTOL
Mochila,Mochila,MOCHILA
Mojarra,Mojarra,MOJARRA
Mole Rojo en Pasta,Mole Rojo en Pasta,MOLE ROJO EN PASTA
Montelukast,Montelukast,MONTELUKAST
Mortadela,Mortadela,MORTADELA
Mostaza,Mostaza,MOSTAZA
Motos y Carros Eléctricos,Motos y Carros Eléctricos,MOTOS Y CARROS ELECTRICOS
Motos y Carros Mecánicos,Motos y Carros Mecánicos,MOTOS Y CARROS MECANICOS
Motrin,Motrin,MOTRIN
Mucosolvan,Mucosolvan,MUCOSOLVAN
Muñecas,Muñecas,MUNECAS
Muñecas Eléctricas,Muñecas Eléctricas,MUNECAS ELECTRICAS
Muñecos,Muñecos,MUNECOS
Muñecos Eléctricos,Muñecos Eléctricos,MUNECOS ELECTRICOS
N?cleo C.m.p. Forte,Núcleo C.m.p. Forte,NUCLEO C.M.P. FORTE
Naproxeno,Naproxeno,NAPROXENO
"Naproxeno Sodico, Paracetamol","Naproxeno Sodico, Paracetamol","NAPROXENO SODICO, PARACETAMOL"
Naranja,Naranja,NARANJA
Nebulizador,Nebulizador,NEBULIZADOR
Neo Melubrina,Neo Melubrina,NEO MELUBRINA
Neuralin,Neuralin,NEURALIN
Nexium,Nexium,NEXIUM
Nexium-mups,Nexium-mups,NEXIUM-MUPS
Next. Tabs,Next. Tabs,NEXT. TABS
Nikzon,Nikzon,NIKZON
Nimesulida,Nimesulida,NIMESULIDA
Nitazoxanida,Nitazoxanida,NITAZOXANIDA
Nitrofurantoina,Nitrofurantoina,NITROFURANTOINA
Nootropil,Nootropil,NOOTROPIL
Nopal,Nopal,NOPAL
Norvas,Norvas,NORVAS
Novotiral,Novotiral,NOVOTIRAL
Novovartalon,Novovartalon,NOVOVARTALON
Nuez,Nuez,NUEZ
Núcleo C.m.p. Forte,Núcleo C.m.p. Forte,NUCLEO C.M.P. FORTE
Olanzapina,Olanzapina,OLANZAPINA
Olla de Presi?n Express,Olla de Presión Express,OLLA DE PRESION EXPRESS
Olla de Presión Express,Olla de Presión Express,OLLA DE PRESION EXPRESS
Omeprazol,Omeprazol,OMEPRAZOL
Orlistat,Orlistat,ORLISTAT
Oroxadin,Oroxadin,OROXADIN
Orégano,Orégano,OREGANO
Ox?metro,Oxímetro,OXIMETRO
Oxímetro,Oxímetro,OXIMETRO
P?mpano,Pámpano,PAMPANO
Pan Blanco Bolillo,Pan Blanco Bolillo,PAN BLANCO BOLILLO
Pan Dulce,Pan Dulce,PAN DULCE
Pan de Caja,Pan de Caja,PAN DE CAJA
Panoto-s,Panoto-s,PANOTO-S
Pantallas,Pantallas,PANTALLAS
Pantalón Corto Shorts Escuela,Pantalón Corto Shorts Escuela,PANTALON CORTO SHORTS ESCUELA
Pantalón Escuela Oficial,Pantalón Escuela Oficial,PANTALON ESCUELA OFICIAL
Pantiprotectores,Pantiprotectores,PANTIPROTECTORES
Pantoprazol,Pantoprazol,PANTOPRAZOL
Pantozol,Pantozol,PANTOZOL
Papa,Papa,PAPA
Papas Fritas y Similares,Papas Fritas y Similares,PAPAS FRITAS Y SIMILARES
Papaya,Papaya,PAPAYA
Papel Higiénico,Papel Higiénico,PAPEL HIGIENICO
Paracetamol,Paracetamol,PARACETAMOL
Paracetamol/cafeina,Paracetamol/cafeina,PARACETAMOL/CAFEINA
Pargo,Pargo,PARGO
Paroxetina,Paroxetina,PAROXETINA
Pasa (Uva Pasa),Pasa (Uva Pasa),PASA (UVA PASA)
Pasa (uva Pasa),Pasa (uva Pasa),PASA (UVA PASA)
Pasta para Sopa,Pasta para Sopa,PASTA PARA SOPA
Pastel Pimiento,Pastel Pimiento,PASTEL PIMIENTO
Pastelillos y Pan Dulce Empaquetado,Pastelillos y Pan Dulce Empaquetado,PASTELILLOS Y PAN DULCE EMPAQUETADO
Patanol,Patanol,PATANOL
Pavo,Pavo,PAVO
Paxil,Paxil,PAXIL
Pañales Desechables,Pañales Desechables,PANALES DESECHABLES
Pechuga de Pavo,Pechuga de Pavo,PECHUGA DE PAVO
Pedyalite. Sr-45. Electrolitos Orales,Pedyalite. Sr-45. Electrolitos Orales,PEDYALITE. SR-45. ELECTROLITOS ORALES
Pegamento,Pegamento,PEGAMENTO
Pemix,Pemix,PEMIX
Pentrexyl,Pentrexyl,PENTREXYL
Pepino,Pepino,PEPINO
Per?n,Perón,PERON
Pera,Pera,PERA
Perón,Perón,PERON
Pescado Seco Salado,Pescado Seco Salado,PESCADO SECO SALADO
Peto,Peto,PETO
Pharmaton. con Gingeng G115,Pharmaton. con Gingeng G115,PHARMATON. CON GINGENG G115
Piascledine 300,Piascledine 300,PIASCLEDINE 300
Picot. Sal de Uvas,Picot. Sal de Uvas,PICOT. SAL DE UVAS
Pilas Eléctricas,Pilas Eléctricas,PILAS ELECTRICAS
Piloncillo,Piloncillo,PILONCILLO
Pimienta,Pimienta,PIMIENTA
Pimiento,Pimiento,PIMIENTO
Piña,Piña,PINA
Piña en Alm?bar,Piña en Almíbar,PINA EN ALMIBAR
Piña en Almíbar,Piña en Almíbar,PINA EN ALMIBAR
Pl?tano,Plátano,PLATANO
Planchas,Planchas,PLANCHAS
Planchas de Vapor Vertical,Planchas de Vapor Vertical,PLANCHAS DE VAPOR VERTICAL
Plantaben,Plantaben,PLANTABEN
Plantago Psyllium,Plantago Psyllium,PLANTAGO PSYLLIUM
Plaquenil,Plaquenil,PLAQUENIL
Plastilina,Plastilina,PLASTILINA
Plato Sopero,Plato Sopero,PLATO SOPERO
Plato Trinche/extendido,Plato Trinche/extendido,PLATO TRINCHE/EXTENDIDO
Plavix,Plavix,PLAVIX
Playera Blanca,Playera Blanca,PLAYERA BLANCA
Playera Oficial,Playera Oficial,PLAYERA OFICIAL
Pliegos de Papel,Pliegos de Papel,PLIEGOS DE PAPEL
Plumines,Plumines,PLUMINES
Plumones,Plumones,PLUMONES
Plátano,Plátano,PLATANO
Pollo Rostizado. Tradicional,Pollo Rostizado. Tradicional,POLLO ROSTIZADO. TRADICIONAL
Polvo P/hornear,Polvo P/hornear,POLVO P/HORNEAR
Polvo P/preparar Bebidas,Polvo P/preparar Bebidas,POLVO P/PREPARAR BEBIDAS
Polvo P/preparar Bebidas Sabor Chocolate,Polvo P/preparar Bebidas Sabor Chocolate,POLVO P/PREPARAR BEBIDAS SABOR CHOCOLATE
Pomada de la Campana,Pomada de la Campana,POMADA DE LA CAMPANA
Portaminas,Portaminas,PORTAMINAS
Posipen,Posipen,POSIPEN
Postday,Postday,POSTDAY
Pravastatina,Pravastatina,PRAVASTATINA
Prevefem Complex,Prevefem Complex,PREVEFEM COMPLEX
Pristiq,Pristiq,PRISTIQ
Prodolina,Prodolina,PRODOLINA
Producto L?cteo,Producto Lácteo,PRODUCTO LACTEO
Producto Lácteo,Producto Lácteo,PRODUCTO LACTEO
Producto para Depilaci?n,Producto para Depilación,PRODUCTO PARA DEPILACION
Producto para Depilación,Producto para Depilación,PRODUCTO PARA DEPILACION
Protector Solar,Protector Solar,PROTECTOR SOLAR
Pulmicort,Pulmicort,PULMICORT
Pulmonarom,Pulmonarom,PULMONAROM
Pulpo,Pulpo,PULPO
Puré de Tomate,Puré de Tomate,PURE DE TOMATE
Pámpano,Pámpano,PAMPANO
Qg5,Qg5,QG5
Quadriderm Nf,Quadriderm Nf,QUADRIDERM NF
Queso Americano,Queso Americano,QUESO AMERICANO
Queso Canasto,Queso Canasto,QUESO CANASTO
Queso Chihuahua,Queso Chihuahua,QUESO CHIHUAHUA
Queso Cotija,Queso Cotija,QUESO COTIJA
Queso Crema,Queso Crema,QUESO CREMA
Queso Doble Crema,Queso Doble Crema,QUESO DOBLE CREMA
Queso Fresco,Queso Fresco,QUESO FRESCO
Queso Manchego,Queso Manchego,QUESO MANCHEGO
Queso Oaxaca,Queso Oaxaca,QUESO OAXACA
Queso Panela,Queso Panela,QUESO PANELA
Queso Sierra,Queso Sierra,QUESO SIERRA
Queso de Puerco,Queso de Puerco,QUESO DE PUERCO
R?bano,Rábano,RABANO
Ranitidina,Ranitidina,RANITIDINA
Rastrillos Desechables,Rastrillos Desechables,RASTRILLOS DESECHABLES
Redotex,Redotex,REDOTEX
Redoxon,Redoxon,REDOXON
Redoxon. Forte,Redoxon. Forte,REDOXON. FORTE
Redustat,Redustat,REDUSTAT
Refresco,Refresco,REFRESCO
Refresh Tears,Refresh Tears,REFRESH TEARS
Refrigeradores,Refrigeradores,REFRIGERADORES
Reglas,Reglas,REGLAS
Reproductores Streaming,Reproductores Streaming,REPRODUCTORES STREAMING
Repuestos de Navajas,Repuestos de Navajas,REPUESTOS DE NAVAJAS
Rinelon,Rinelon,RINELON
Riopan,Riopan,RIOPAN
Rivotril,Rivotril,RIVOTRIL
Rivotril. Gotas,Rivotril. Gotas,RIVOTRIL. GOTAS
Robalito,Robalito,ROBALITO
Robalo,Robalo,ROBALO
Rocephin Im,Rocephin Im,ROCEPHIN IM
Romeritos,Romeritos,ROMERITOS
Rompope,Rompope,ROMPOPE
Ron,Ron,RON
Ropa Interior Desechable y Similares,Ropa Interior Desechable y Similares,ROPA INTERIOR DESECHABLE Y SIMILARES
Rosca de Reyes,Rosca de Reyes,ROSCA DE REYES
Rubia,Rubia,RUBIA
Rábano,Rábano,RABANO
Réplica de Bal?n,Réplica de Balón,REPLICA DE BALON
Réplica de Balón,Réplica de Balón,REPLICA DE BALON
Sacapuntas,Sacapuntas,SACAPUNTAS
Sal Molida de Mesa,Sal Molida de Mesa,SAL MOLIDA DE MESA
Sal de Mar,Sal de Mar,SAL DE MAR
Salbutamol,Salbutamol,SALBUTAMOL
Salchicha,Salchicha,SALCHICHA
Salm?n,Salmón,SALMON
Salmón,Salmón,SALMON
Salsa Catsup,Salsa Catsup,SALSA CATSUP
Salsa Inglesa,Salsa Inglesa,SALSA INGLESA
Salsa Picante y Similares,Salsa Picante y Similares,SALSA PICANTE Y SIMILARES
Salsa de Soya,Salsa de Soya,SALSA DE SOYA
Sand?a,Sandía,SANDIA
Sandwicheras,Sandwicheras,SANDWICHERAS
Sandía,Sandía,SANDIA
Sardina,Sardina,SARDINA
Secadoras,Secadoras,SECADORAS
Secotex Ocas,Secotex Ocas,SECOTEX OCAS
Sedalmerck,Sedalmerck,SEDALMERCK
Seloken Zok,Seloken Zok,SELOKEN ZOK
Selopres Zok,Selopres Zok,SELOPRES ZOK
Semilla de Girasol,Semilla de Girasol,SEMILLA DE GIRASOL
Senosidos A-b,Senosidos A-b,SENOSIDOS A-B
Sensibit,Sensibit,SENSIBIT
Serc,Serc,SERC
Seretide Diskus,Seretide Diskus,SERETIDE DISKUS
Sermion,Sermion,SERMION
Sertralina,Sertralina,SERTRALINA
Servilletas de Papel Blanco,Servilletas de Papel Blanco,SERVILLETAS DE PAPEL BLANCO
Severin N.f.,Severin N.f.,SEVERIN N.F
Shampoo,Shampoo,SHAMPOO
Shampoo ?ntimo,Shampoo Íntimo,SHAMPOO INTIMO
Shampoo para Bebés/niños,Shampoo para Bebés/niños,SHAMPOO PARA BEBES/NINOS
Shampoo Íntimo,Shampoo Íntimo,SHAMPOO INTIMO
Sidra,Sidra,SIDRA
Sierra,Sierra,SIERRA
Sies,Sies,SIES
Sildenafil,Sildenafil,SILDENAFIL
Silka Medic,Silka Medic,SILKA MEDIC
Simvastatina,Simvastatina,SIMVASTATINA
Sinergix,Sinergix,SINERGIX
Singulair,Singulair,SINGULAIR
Sinuberase,Sinuberase,SINUBERASE
Sirdalud,Sirdalud,SIRDALUD
Sistema GB. Solución Alopecia,Sistema GB. Solución Alopecia,SISTEMA GB. SOLUCION ALOPECIA
Sistema Gb. Soluci?n Alopecia,Sistema GB. Solución Alopecia,SISTEMA GB. SOLUCION ALOPECIA
Sistema Gb. Solución Alopecia,Sistema Gb. Solución Alopecia,SISTEMA GB. SOLUCION ALOPECIA
Somazina,Somazina,SOMAZINA
Soya,Soya,SOYA
Spray Desinfectante,Spray Desinfectante,SPRAY DESINFECTANTE
Sterimar,Sterimar,STERIMAR
Stugeron Forte,Stugeron Forte,STUGERON FORTE
Suavizante P/ropa,Suavizante P/ropa,SUAVIZANTE P/ROPA
Subsalicilato de Bismuto,Subsalicilato de Bismuto,SUBSALICILATO DE BISMUTO
Sueros Orales,Sueros Orales,SUEROS ORALES
Suerox,Suerox,SUEROX
Suerox. 0 Az?car,Suerox. 0 Azúcar,SUEROX. 0 AZUCAR
Suerox. 0 Azúcar,Suerox. 0 Azúcar,SUEROX. 0 AZUCAR
Sufrexal Combi,Sufrexal Combi,SUFREXAL COMBI
Suplemento Alimenticio,Suplemento Alimenticio,SUPLEMENTO ALIMENTICIO
Supradol,Supradol,SUPRADOL
Sustituto de Az?car,Sustituto de Azúcar,SUSTITUTO DE AZUCAR
Sustituto de Azúcar,Sustituto de Azúcar,SUSTITUTO DE AZUCAR
Suéter Escuela Oficial,Suéter Escuela Oficial,SUETER ESCUELA OFICIAL
Systane,Systane,SYSTANE
Tabcin,Tabcin,TABCIN
Tabcin 500,Tabcin 500,TABCIN 500
Tablet,Tablet,TABLET
Tacex Im,Tacex Im,TACEX IM
Tafil,Tafil,TAFIL
Tafirol Flex,Tafirol Flex,TAFIROL FLEX
Talco,Talco,TALCO
Talco para Bebé,Talco para Bebé,TALCO PARA BEBE
Tamarindo,Tamarindo,TAMARINDO
Tampones,Tampones,TAMPONES
Tamsulosina,Tamsulosina,TAMSULOSINA
Tapete Sanitizante,Tapete Sanitizante,TAPETE SANITIZANTE
Taza para Café,Taza para Café,TAZA PARA CAFE
Tecta,Tecta,TECTA
Tejocote,Tejocote,TEJOCOTE
Telmisartan,Telmisartan,TELMISARTAN
Tempra,Tempra,TEMPRA
Tenedor,Tenedor,TENEDOR
Tenis,Tenis,TENIS
Tenoretic,Tenoretic,TENORETIC
Tenormin,Tenormin,TENORMIN
Tequila,Tequila,TEQUILA
Terbinafina,Terbinafina,TERBINAFINA
Term?metro,Termómetro,TERMOMETRO
Termómetro,Termómetro,TERMOMETRO
Terramicina,Terramicina,TERRAMICINA
Theraflu,Theraflu,THERAFLU
Tiaminal B12,Tiaminal B12,TIAMINAL B12
Tijera,Tijera,TIJERA
Tijeras,Tijeras,TIJERAS
Tilapia,Tilapia,TILAPIA
Tinte para el Cabello,Tinte para el Cabello,TINTE PARA EL CABELLO
Tiras Reactivas,Tiras Reactivas,TIRAS REACTIVAS
Toalla Femenina,Toalla Femenina,TOALLA FEMENINA
Toalla de Papel,Toalla de Papel,TOALLA DE PAPEL
Toallita H?meda Limpiadora,Toallita Húmeda Limpiadora,TOALLITA HUMEDA LIMPIADORA
Toallita Húmeda Limpiadora,Toallita Húmeda Limpiadora,TOALLITA HUMEDA LIMPIADORA
Toallitas Desinfectantes,Toallitas Desinfectantes,TOALLITAS DESINFECTANTES
Tocino Ahumado,Tocino Ahumado,TOCINO AHUMADO
Tomate,Tomate,TOMATE
Tomillo,Tomillo,TOMILLO
Topiramato,Topiramato,TOPIRAMATO
Toronja,Toronja,TORONJA
Tortilla de Harina de Trigo,Tortilla de Harina de Trigo,TORTILLA DE HARINA DE TRIGO
Tortilla de Ma?z,Tortilla de Maíz,TORTILLA DE MAIZ
Tortilla de Maíz,Tortilla de Maíz,TORTILLA DE MAIZ
Tostadas de Ma?z,Tostadas de Maíz,TOSTADAS DE MAIZ
Tostadas de Maíz,Tostadas de Maíz,TOSTADAS DE MAIZ
Tostadores de Pan,Tostadores de Pan,TOSTADORES DE PAN
Tramacet,Tramacet,TRAMACET
Tramadol,Tramadol,TRAMADOL
Travatan,Travatan,TRAVATAN
Trayenta,Trayenta,TRAYENTA
Treda,Treda,TREDA
Trental,Trental,TRENTAL
Trexen Duo,Trexen Duo,TREXEN DUO
Trimetoprima Sulfametoxazol,Trimetoprima Sulfametoxazol,TRIMETOPRIMA SULFAMETOXAZOL
Trucha,Trucha,TRUCHA
Tuna,Tuna,TUNA
Turrón,Turrón,TURRON
Tylex 750,Tylex 750,TYLEX 750
Té,Té,TE
Té Preparado,Té Preparado,TE PREPARADO
Ulsen,Ulsen,ULSEN
Ulsen Pcs,Ulsen Pcs,ULSEN PCS
Unesia,Unesia,UNESIA
Uniclar,Uniclar,UNICLAR
Unival,Unival,UNIVAL
Uva,Uva,UVA
Vagitrol -V,Vagitrol -V,VAGITROL -V
Vagitrol -v,Vagitrol -v,VAGITROL -V
Vainilla,Vainilla,VAINILLA
Vajilla,Vajilla,VAJILLA
Varios,Varios,VARIOS
Variton,Variton,VARITON
Vartalon Compositum,Vartalon Compositum,VARTALON COMPOSITUM
Vasculflow,Vasculflow,VASCULFLOW
Vaselina,Vaselina,VASELINA
Venalot Depot,Venalot Depot,VENALOT DEPOT
Venda El?stica,Venda Elástica,VENDA ELASTICA
Venda Elástica,Venda Elástica,VENDA ELASTICA
Venditas Adhesivas,Venditas Adhesivas,VENDITAS ADHESIVAS
Venlafaxina,Venlafaxina,VENLAFAXINA
Ventiladores,Ventiladores,VENTILADORES
Verdolaga,Verdolaga,VERDOLAGA
Vermox Plus,Vermox Plus,VERMOX PLUS
Viagra,Viagra,VIAGRA
Vick Vaporub,Vick Vaporub,VICK VAPORUB
Videoc?maras,Videocámaras,VIDEOCAMARAS
Videocámaras,Videocámaras,VIDEOCAMARAS
Videojuegos,Videojuegos,VIDEOJUEGOS
Villajaiba,Villajaiba,VILLAJAIBA
Vinagre,Vinagre,VINAGRE
Vino de Mesa,Vino de Mesa,VINO DE MESA
Vitacilina,Vitacilina,VITACILINA
Vytorin 10/20,Vytorin 10/20,VYTORIN 10/20
Whisky,Whisky,WHISKY
Xatral-od,Xatral-od,XATRAL-OD
Xl-3,Xl-3,XL-3
Yasmin,Yasmin,YASMIN
Yasmin 24/4,Yasmin 24/4,YASMIN 24/4
Yoghurt,Yoghurt,YOGHURT
Zactos,Zactos,ZACTOS
Zanahoria,Zanahoria,ZANAHORIA
Zinnat,Zinnat,ZINNAT
Zintrepid,Zintrepid,ZINTREPID
Zofilip,Zofilip,ZOFILIP
Ácido Fólico,Ácido Fólico,ACIDO FOLICO
